Account,Date,Time,Contract,Side,Realised P&L(INR),Trading Fees(INR),Status,Order ID
D-1,20/10/2025,35:22.9,BTCUSD,buy,62.73,1.9967724,closed,999810592
D-1,20/10/2025,02:27.3,BTCUSD,sell,0,5.0252408,closed,999777788
D-1,21/10/2025,45:05.9,BTCUSD,sell,188.7,48.6331886,closed,1001071134
D-1,21/10/2025,44:43.9,BTCUSD,sell,0,0,cancelled,1001058760
D-1,21/10/2025,19:02.6,BTCUSD,buy,0,48.5329889,closed,1001046100
D-1,21/10/2025,59:33.4,BTCUSD,sell,130.9,48.7379018,closed,1000965466
D-1,21/10/2025,59:24.2,BTCUSD,sell,0,0,cancelled,1000956759
D-1,21/10/2025,33:54.5,BTCUSD,buy,0,48.6683939,closed,1000939781
D-1,22/10/2025,39:19.9,BTCUSD,sell,896.75,488.3607,closed,1003583313
D-1,22/10/2025,36:13.0,BTCUSD,buy,0,487.8845258,closed,1003580469
D-1,22/10/2025,19:16.7,BTCUSD,buy,550.375,244.6700648,closed,1003563685
D-1,22/10/2025,12:34.8,BTCUSD,sell,0,244.9623143,closed,1003556419
D-1,22/10/2025,51:06.2,BTCUSD,sell,-833,170.72641,closed,1003524517
D-1,22/10/2025,49:30.0,BTCUSD,buy,0,171.168733,closed,1003522044
D-1,22/10/2025,15:56.9,BTCUSD,sell,362.1,147.0376435,closed,1003485650
D-1,22/10/2025,14:26.6,BTCUSD,buy,0,146.8453685,closed,1003483394
D-1,23/10/2025,43:33.8,BTCUSD,buy,368.05,100.1333516,closed,1005103905
D-1,23/10/2025,29:32.1,BTCUSD,sell,0,100.3287861,closed,1005086160
D-1,23/10/2025,25:11.9,BTCUSD,buy,11.9,100.3008024,closed,1005080455
D-1,23/10/2025,21:25.4,BTCUSD,sell,0,100.3071213,closed,1005074659
D-1,23/10/2025,19:50.1,BTCUSD,buy,-521.9,100.3545131,closed,1005071407
D-1,23/10/2025,09:09.0,BTCUSD,sell,0,100.0773842,closed,1005051593
D-1,23/10/2025,34:22.7,BTCUSD,buy,345.95,49.6259325,closed,1005004253
D-1,23/10/2025,26:03.7,BTCUSD,sell,0,49.80963195,closed,1004986096
D-1,23/10/2025,54:49.3,BTCUSD,sell,370.175,49.3226253,closed,1004725929
D-1,23/10/2025,45:28.5,BTCUSD,buy,0,49.1260628,closed,1004707214
D-1,23/10/2025,59:58.4,BTCUSD,sell,198.475,49.37204855,closed,1004373501
D-1,23/10/2025,58:39.0,BTCUSD,sell,0,0,cancelled,1004364333
D-1,23/10/2025,44:37.8,BTCUSD,buy,0,49.2666579,closed,1004318510
D-1,23/10/2025,38:44.6,BTCUSD,sell,54.485,1.967886,closed,1004030051
D-1,23/10/2025,41:49.8,BTCUSD,buy,0,4.89078355,closed,1004029001
D-1,24/10/2025,18:01.8,BTCUSD,buy,0,0,cancelled,1006422004
D-1,24/10/2025,58:25.7,BTCUSD,sell,180.2,99.5461452,closed,1006400661
D-1,24/10/2025,58:25.6,BTCUSD,sell,0,0,cancelled,1006389971
D-1,24/10/2025,46:37.7,BTCUSD,buy,0,99.450459,closed,1006383372
D-1,24/10/2025,46:18.3,BTCUSD,buy,-143.65,99.450459,closed,1006382754
D-1,24/10/2025,45:59.9,BTCUSD,buy,0,0,cancelled,1006364528
D-1,24/10/2025,11:13.2,BTCUSD,sell,0,99.37418085,closed,1006326335
D-1,24/10/2025,10:52.3,BTCUSD,sell,-475.15,99.4513617,closed,1006325488
D-1,24/10/2025,09:26.1,BTCUSD,sell,0,0,cancelled,1006304294
D-1,24/10/2025,53:56.6,BTCUSD,buy,0,99.70366635,closed,1006303099
D-1,24/10/2025,48:29.2,BTCUSD,sell,-1978.8,397.5996312,closed,1006190257
D-1,24/10/2025,37:21.0,BTCUSD,buy,0,398.650374,closed,1006171099
D-1,24/10/2025,23:22.4,BTCUSD,sell,1134.75,249.840279,closed,1006144585
D-1,24/10/2025,20:36.5,BTCUSD,buy,0,249.2377268,closed,1006138405
D-1,24/10/2025,18:50.4,BTCUSD,sell,-230.775,49.80060495,closed,1006133290
D-1,24/10/2025,15:58.3,BTCUSD,buy,0,49.9231469,closed,1006124987
D-1,24/10/2025,05:32.3,BTCUSD,sell,-266.9,50.11406795,closed,1006072295
D-1,24/10/2025,05:32.2,BTCUSD,sell,0,0,cancelled,1006044275
D-1,24/10/2025,37:38.1,BTCUSD,buy,0,50.25579185,closed,1006042757
D-1,24/10/2025,01:19.8,BTCUSD,sell,-245.225,50.05358705,closed,1005883758
D-1,24/10/2025,45:29.7,BTCUSD,buy,0,50.1838011,closed,1005868500
D-1,24/10/2025,53:29.3,BTCUSD,buy,-137.4875,24.97714545,closed,1005471382
D-1,24/10/2025,53:29.3,BTCUSD,buy,0,0,cancelled,1005448021
D-1,24/10/2025,15:23.5,BTCUSD,sell,0,24.90413895,closed,1005446948
D-1,25/10/2025,03:23.7,BTCUSD,sell,257.125,20.166318,closed,1006978949
D-1,25/10/2025,19:21.3,BTCUSD,buy,0,50.27926205,closed,1006976965
D-1,25/10/2025,19:04.2,BTCUSD,buy,-36.975,0,closed,1006976758
D-1,25/10/2025,16:01.5,BTCUSD,sell,0,50.25037565,closed,1006974307
D-1,25/10/2025,15:02.7,BTCUSD,sell,104.975,50.24563605,closed,1006973355
D-1,25/10/2025,14:17.4,BTCUSD,sell,0,0,cancelled,1006918141
D-1,25/10/2025,04:25.7,BTCUSD,buy,0,50.18989475,closed,1006917012
D-1,25/10/2025,48:10.5,BTCUSD,buy,-181.2625,25.1407594,closed,1006823813
D-1,25/10/2025,48:10.4,BTCUSD,buy,0,0,cancelled,1006735778
D-1,25/10/2025,21:07.0,BTCUSD,sell,0,25.0445088,closed,1006735202
D-1,25/10/2025,19:52.8,BTCUSD,buy,-0.425,0,closed,1006734571
D-1,25/10/2025,19:42.6,BTCUSD,sell,0,25.04845875,closed,1006734489
D-1,26/10/2025,15:12.7,BTCUSD,buy,-248.625,51.2832897,closed,1008825415
D-1,26/10/2025,15:12.7,BTCUSD,buy,0,0,cancelled,1008805733
D-1,26/10/2025,53:36.0,BTCUSD,sell,0,51.15127025,closed,1008802708
D-1,26/10/2025,46:03.6,BTCUSD,sell,-235.025,51.1643594,closed,1008790485
D-1,26/10/2025,46:03.6,BTCUSD,sell,0,0,cancelled,1008594897
D-1,26/10/2025,00:32.9,BTCUSD,buy,0,51.28915725,closed,1008592915
D-1,26/10/2025,12:42.3,BTCUSD,sell,-48.45,50.3456105,closed,1007884593
D-1,26/10/2025,29:58.2,BTCUSD,buy,0,50.37133745,closed,1007866072
D-1,27/10/2025,43:21.1,BTCUSD,sell,0,0,cancelled,1010243822
D-1,27/10/2025,43:21.0,BTCUSD,sell,499.375,52.2322535,closed,1010243821
D-1,27/10/2025,43:20.9,BTCUSD,sell,0,0,cancelled,1010103592
D-1,27/10/2025,52:19.5,BTCUSD,buy,0,20.78683415,closed,1010100689
D-1,27/10/2025,50:14.2,BTCUSD,sell,-162.775,0,closed,1009937957
D-1,27/10/2025,43:35.2,BTCUSD,buy,0,51.77571255,closed,1009927035
D-1,27/10/2025,40:56.2,BTCUSD,buy,0,0,cancelled,1009922102
D-1,27/10/2025,28:43.2,BTCUSD,sell,504.05,20.960694,closed,1009294561
D-1,27/10/2025,49:13.6,BTCUSD,buy,0,52.13408445,closed,1009293010
D-1,27/10/2025,41:53.2,BTCUSD,buy,-244.8,51.97633805,closed,1009235658
D-1,27/10/2025,41:53.2,BTCUSD,buy,0,0,cancelled,1009217484
D-1,27/10/2025,15:15.7,BTCUSD,sell,0,51.84634925,closed,1009216780
D-1,27/10/2025,00:49.3,BTCUSD,sell,0,0,closed,1009152103
D-1,27/10/2025,00:49.1,BTCUSD,sell,0,0,cancelled,1009137894
D-1,27/10/2025,00:49.2,BTCUSD,sell,-260.1,0,closed,1009137893
D-1,27/10/2025,46:50.9,BTCUSD,buy,0,20.798208,closed,1009123320
D-1,27/10/2025,22:40.7,BTCUSD,buy,0,0,cancelled,1009118790
D-1,28/10/2025,19:10.2,BTCUSD,sell,283.9,20.635722,closed,1010704588
D-1,28/10/2025,16:35.8,BTCUSD,buy,0,20.57542215,closed,1010702431
D-1,29/10/2025,51:06.2,BTCUSD,sell,-246.5,50.08495545,closed,1012741044
D-1,29/10/2025,35:23.3,BTCUSD,buy,0,20.08633895,closed,1012723092
D-1,29/10/2025,59:29.1,BTCUSD,sell,-251.175,50.5478153,closed,1012558983
D-1,29/10/2025,56:25.5,BTCUSD,buy,0,50.6811888,closed,1012554948
D-1,29/10/2025,34:58.4,BTCUSD,sell,-260.525,50.65207715,closed,1012529758
D-1,29/10/2025,19:23.7,BTCUSD,buy,0,50.7904155,closed,1012510716
D-1,29/10/2025,48:18.3,BTCUSD,sell,270.725,20.4046308,closed,1011928102
D-1,29/10/2025,46:31.1,BTCUSD,sell,0,0,cancelled,1011924656
D-1,29/10/2025,08:04.8,BTCUSD,buy,0,20.34712915,closed,1011905246
D-1,30/10/2025,12:10.1,BTCUSD,buy,-251.175,49.89471185,closed,1013440600
D-1,30/10/2025,01:06.8,BTCUSD,sell,0,19.904535,closed,1013421528
D-1,30/10/2025,45:24.0,BTCUSD,buy,-237.575,49.9319478,closed,1013173237
D-1,30/10/2025,45:24.0,BTCUSD,buy,0,0,cancelled,1013166424
D-1,30/10/2025,31:22.9,BTCUSD,sell,0,49.8057959,closed,1013165640
D-1,30/10/2025,06:43.9,BTCUSD,sell,0,0,cancelled,1012879445
D-1,30/10/2025,06:43.8,BTCUSD,sell,-104.55,0,closed,1012879444
D-1,30/10/2025,06:14.6,BTCUSD,buy,0,19.967724,closed,1012747622
D-1,31/10/2025,34:15.1,BTCUSD,buy,-23.29,4.94426895,closed,1014957066
D-1,31/10/2025,34:15.0,BTCUSD,buy,0,0,cancelled,1014951340
D-1,31/10/2025,22:39.5,BTCUSD,sell,0,4.93190145,closed,1014946434
D-1,03/11/2025,50:39.1,BTCUSD,sell,-252.025,48.5212538,closed,1018723897
D-1,03/11/2025,43:03.1,BTCUSD,buy,0,48.65507865,closed,1018716752
D-1,03/11/2025,56:09.1,BTCUSD,sell,-256.275,48.411801,closed,1018663661
D-1,03/11/2025,56:09.0,BTCUSD,sell,0,0,cancelled,1018621818
D-1,03/11/2025,02:43.2,BTCUSD,buy,0,48.54788345,closed,1018621133
D-1,03/11/2025,10:09.1,BTCUSD,sell,-247.35,48.57406175,closed,1018497850
D-1,03/11/2025,25:04.4,BTCUSD,buy,0,19.4821632,closed,1018456281
D-1,03/11/2025,34:44.1,BTCUSD,sell,-234.175,48.5679681,closed,1018402181
D-1,03/11/2025,34:44.1,BTCUSD,sell,0,0,cancelled,1018390996
D-1,03/11/2025,23:40.1,BTCUSD,buy,0,48.69231545,closed,1018388395
D-1,06/11/2025,12:34.8,BTCUSD,sell,0,0,cancelled,1024540881
D-1,06/11/2025,12:34.7,BTCUSD,sell,-86.615,0,closed,1024540880
D-1,06/11/2025,09:41.0,BTCUSD,buy,0,3.646908,closed,1024513837
D-1,07/11/2025,51:02.5,BTCUSD,sell,433.5,5.5082754,closed,1026471749
D-1,07/11/2025,49:11.5,BTCUSD,sell,0,0,cancelled,1026144700
D-1,07/11/2025,03:37.8,BTCUSD,buy,0,5.4162,closed,1026057904
D-1,07/11/2025,50:57.3,BTCUSD,buy,0,0,cancelled,1025013645
D-1,07/11/2025,13:22.5,BTCUSD,buy,0,0,cancelled,1025013202
D-1,09/11/2025,15:01.0,BTCUSD,sell,0,14.0117774,closed,1029251376
D-1,09/11/2025,00:00.3,BTCUSD,sell,20.4,0,closed,1029233637
D-1,09/11/2025,45:00.1,BTCUSD,buy,0,13.9994558,closed,1029211529
D-1,09/11/2025,15:00.8,BTCUSD,buy,-63.495,0,closed,1029159493
D-1,09/11/2025,00:01.1,BTCUSD,sell,0,14.0218652,closed,1029137277
D-1,09/11/2025,30:00.4,BTCUSD,sell,220.9575,13.9472573,closed,1029087362
D-1,09/11/2025,15:00.4,BTCUSD,buy,0,13.8299284,closed,1028781042
D-1,09/11/2025,39:25.3,BTCUSD,buy,-103.1475,13.80995595,closed,1028736295
D-1,09/11/2025,45:00.9,BTCUSD,sell,0,13.75518535,closed,1028670182
D-1,09/11/2025,47:57.5,BTCUSD,buy,0.34,18.4148998,closed,1028548211
D-1,09/11/2025,46:25.0,BTCUSD,buy,0,0,cancelled,1028265658
D-1,09/11/2025,15:11.3,BTCUSD,sell,0,7.366032,closed,1028220353
D-1,09/11/2025,44:07.9,BTCUSD,buy,0,0,cancelled,1028035456
D-1,10/11/2025,45:00.9,BTCUSD,sell,0,14.2121768,closed,1030505532
D-1,10/11/2025,30:00.3,BTCUSD,sell,-298.86,14.19721425,closed,1030470727
D-1,10/11/2025,00:00.6,BTCUSD,buy,0,14.35590925,closed,1029606268
D-1,10/11/2025,40:36.8,BTCUSD,sell,452.2425,14.40661855,closed,1029586545
D-1,10/11/2025,00:00.9,BTCUSD,buy,0,14.1664774,closed,1029523233
D-1,10/11/2025,45:00.2,BTCUSD,buy,-52.1475,0,closed,1029518611
D-1,10/11/2025,30:01.9,BTCUSD,sell,0,14.17609175,closed,1029511016
D-1,10/11/2025,15:01.0,BTCUSD,sell,-127.5,14.1138726,closed,1029506973
D-1,10/11/2025,00:00.8,BTCUSD,buy,0,14.1815751,closed,1029423002
D-1,10/11/2025,30:01.4,BTCUSD,buy,-258.4425,14.14901075,closed,1029394457
D-1,11/11/2025,45:25.5,BTCUSD,buy,179.52,14.2190822,closed,1031451274
D-1,11/11/2025,30:01.5,BTCUSD,sell,0,14.314408,closed,1031241023
D-1,11/11/2025,30:01.3,BTCUSD,sell,-71.7825,14.314408,closed,1031241015
D-1,11/11/2025,00:01.3,BTCUSD,buy,0,14.35252455,closed,1030915745
D-1,11/11/2025,45:01.2,BTCUSD,buy,-315.945,14.37994385,closed,1030908625
D-1,12/11/2025,49:48.2,BTCUSD,buy,553.4775,13.780438,closed,1033582405
D-1,12/11/2025,30:03.7,BTCUSD,sell,0,14.07433485,closed,1033343395
D-1,12/11/2025,39:19.1,BTCUSD,sell,358.1475,14.19030885,closed,1033228853
D-1,12/11/2025,15:01.7,BTCUSD,buy,0,14.0001324,closed,1032661535
D-1,13/11/2025,37:23.8,BTCUSD,buy,343.6125,13.69432025,closed,1035146699
D-1,13/11/2025,00:02.3,BTCUSD,sell,0,13.8767787,closed,1034781530
D-1,13/11/2025,26:14.5,BTCUSD,sell,395.6325,14.01732875,closed,1034331696
D-1,13/11/2025,25:57.7,BTCUSD,sell,0,0,cancelled,1034304741
D-1,13/11/2025,00:01.1,BTCUSD,buy,0,13.80724785,closed,1033988197
D-1,14/11/2025,08:06.1,BTCUSD,sell,524.28,13.1776146,closed,1037197599
D-1,14/11/2025,25:02.1,BTCUSD,buy,0,5.15968955,closed,1036809447
D-1,14/11/2025,18:25.7,BTCUSD,buy,-90.6525,13.44361785,closed,1035807540
D-1,14/11/2025,45:00.9,BTCUSD,sell,0,13.3954815,closed,1035783664
D-1,14/11/2025,40:18.5,BTCUSD,sell,-278.8425,13.3695514,closed,1035781170
D-1,14/11/2025,30:02.2,BTCUSD,buy,0,13.51761715,closed,1035716466
D-1,15/11/2025,36:29.1,BTCUSD,sell,0,12.9468175,closed,1038230530
D-1,15/11/2025,31:31.2,BTCUSD,sell,-184.4925,12.9676017,closed,1038044900
D-1,15/11/2025,45:01.1,BTCUSD,buy,0,13.0655676,closed,1037694276
D-1,16/11/2025,44:59.1,BTCUSD,sell,47.0475,12.9896048,closed,1039307087
D-1,16/11/2025,45:01.0,BTCUSD,buy,0,12.9646233,closed,1038922980
D-1,16/11/2025,42:55.2,BTCUSD,buy,22.0575,12.9351045,closed,1038789611
D-1,16/11/2025,42:23.7,BTCUSD,buy,0,0,cancelled,1038270323
D-1,17/11/2025,15:37.2,BTCUSD,buy,0,12.56247045,closed,1041636165
D-1,17/11/2025,10:59.4,BTCUSD,buy,262.7775,12.60755955,closed,1041620425
D-1,17/11/2025,39:46.6,BTCUSD,sell,0,12.7470947,closed,1041557513
D-1,17/11/2025,43:28.7,BTCUSD,sell,-218.9175,0,closed,1041279416
D-1,17/11/2025,21:20.5,BTCUSD,buy,0,12.90477395,closed,1041210080
D-1,17/11/2025,19:22.0,BTCUSD,buy,-313.0125,0,closed,1041205588
D-1,17/11/2025,55:46.8,BTCUSD,sell,0,5.0956429,closed,1041122952
D-1,18/11/2025,47:45.5,BTCUSD,sell,107.355,12.6194757,closed,1043262520
D-1,18/11/2025,47:26.8,BTCUSD,sell,0,0,cancelled,1041785855
D-1,19/11/2025,25:49.5,BTCUSD,buy,444.465,12.1830653,closed,1045058452
D-1,19/11/2025,16:18.8,BTCUSD,sell,0,12.4190763,closed,1044854866
D-1,19/11/2025,56:12.5,BTCUSD,sell,-34.2975,12.34216575,closed,1044802963
D-1,19/11/2025,45:01.0,BTCUSD,buy,0,12.36037785,closed,1044197883
D-1,19/11/2025,05:34.0,BTCUSD,buy,427.7625,12.2649849,closed,1044044834
D-1,19/11/2025,00:01.0,BTCUSD,sell,0,12.492127,closed,1043717098
D-1,20/11/2025,12:24.1,BTCUSD,buy,0,19.5931035,closed,1047410497
D-1,20/11/2025,28:32.2,BTCUSD,buy,467.7975,4.87458,closed,1046436935
D-1,20/11/2025,05:25.6,BTCUSD,sell,0,12.4348506,closed,1046413001
D-1,20/11/2025,51:08.3,BTCUSD,sell,624.5375,8.160408,closed,1045484330
D-1,20/11/2025,19:58.8,BTCUSD,buy,0,20.0693908,closed,1045464638
D-1,21/11/2025,47:26.6,BTCUSD,sell,867,9.1208808,closed,1048907653
D-1,21/11/2025,10:43.2,BTCUSD,buy,0,8.93673,closed,1048623280
D-1,21/11/2025,05:10.7,BTCUSD,sell,113.6875,19.6534722,closed,1047748687
D-1,21/11/2025,03:52.3,BTCUSD,sell,0,0,cancelled,1047434036
D-1,24/11/2025,01:25.0,BTCUSD,buy,0,0,cancelled,1054104593
D-1,24/11/2025,18:57.4,BTCUSD,sell,0,11.68687355,closed,1054102501
D-1,27/11/2025,42:23.6,BTCUSD,buy,0,12.3905061,closed,1058590041
D-1,27/11/2025,42:04.5,BTCUSD,buy,0,0,cancelled,1058265758
D-1,27/11/2025,41:38.4,BTCUSD,buy,-1091.145,12.2662718,closed,1058013554
D-1,27/11/2025,41:38.4,BTCUSD,buy,0,0,cancelled,1054789922
D-1,29/11/2025,16:52.3,BTCUSD,sell,0,0,cancelled,1058590501
D-1,30/11/2025,06:30.3,BTCUSD,sell,-20.7825,12.37947055,closed,1062605150
D-1,30/11/2025,17:19.3,BTCUSD,sell,0,0,cancelled,1061708155
D-1,01/12/2025,13:26.0,BTCUSD,buy,0,19.5924269,closed,1063175919
D-1,02/12/2025,36:44.3,BTCUSD,sell,1317.925,20.29224465,closed,1065804596
D-1,03/12/2025,46:14.5,BTCUSD,sell,0,0,cancelled,1067834139
D-1,03/12/2025,49:10.4,BTCUSD,sell,-256.4875,20.8390556,closed,1067572604
D-1,03/12/2025,01:48.5,BTCUSD,buy,0,41.9505005,closed,1067444371
D-1,04/12/2025,52:43.7,BTCUSD,sell,0,0,cancelled,1068619293
D-1,04/12/2025,55:43.3,BTCUSD,buy,0,12.6009253,closed,1068599232
D-1,04/12/2025,19:24.4,BTCUSD,sell,448.5875,8.48538,closed,1067886587
D-1,05/12/2025,03:35.1,BTCUSD,sell,519.35,0,closed,1071168721
D-1,05/12/2025,00:27.4,BTCUSD,buy,0,80.13132495,closed,1071162526
D-1,05/12/2025,12:23.8,BTCUSD,sell,-1497.7,15.9063866,closed,1071045495
D-1,05/12/2025,04:11.1,BTCUSD,buy,0,4.10074085,closed,1070578838
D-1,05/12/2025,12:23.0,BTCUSD,sell,0,0,cancelled,1069872154
D-1,05/12/2025,06:25.7,BTCUSD,sell,0,0,cancelled,1069544005
D-1,06/12/2025,47:19.4,BTCUSD,sell,572.05,81.22810545,closed,1072064886
D-1,06/12/2025,00:33.3,BTCUSD,buy,0,80.9243469,closed,1072018330
D-1,06/12/2025,26:08.9,BTCUSD,sell,157.25,0,closed,1071619249
D-1,06/12/2025,05:21.8,BTCUSD,buy,0,80.80293375,closed,1071606762
D-1,09/12/2025,59:37.2,BTCUSD,sell,534.225,41.1407786,closed,1076368798
D-1,09/12/2025,59:29.9,BTCUSD,sell,0,0,cancelled,1076177426
D-1,09/12/2025,05:38.7,BTCUSD,buy,0,40.8571047,closed,1076135882
D-1,10/12/2025,57:16.4,BTCUSD,sell,878.05,33.3999,closed,1077921651
D-1,10/12/2025,14:08.4,BTCUSD,buy,0,83.03350545,closed,1077913814
D-1,11/12/2025,26:03.0,BTCUSD,sell,306,81.40232655,closed,1079286394
D-1,11/12/2025,25:55.7,BTCUSD,sell,0,0,cancelled,1079219886
D-1,11/12/2025,08:57.1,BTCUSD,buy,0,81.23984055,closed,1079212904
D-1,12/12/2025,58:57.5,BTCUSD,sell,-574.8125,20.52265925,closed,1081168486
D-1,12/12/2025,56:53.7,BTCUSD,sell,-442.6375,20.59284375,closed,1081156771
D-1,12/12/2025,56:42.8,BTCUSD,sell,0,0,cancelled,1081154387
D-1,12/12/2025,56:22.1,BTCUSD,sell,0,0,cancelled,1081152862
D-1,12/12/2025,49:09.3,BTCUSD,sell,-228.0125,8.28272385,closed,1081133374
D-1,12/12/2025,48:43.6,BTCUSD,sell,0,0,cancelled,1080812135
D-1,12/12/2025,51:20.0,BTCUSD,buy,0,83.3115379,closed,1080808024
D-2,12/12/2025,41:29.9,BTCUSD,sell,0,8.10218385,closed,1081355502
D-1,13/12/2025,59:39.3,BTCUSD,sell,-1218.2625,101.7715268,closed,1082307476
D-1,13/12/2025,01:48.7,BTCUSD,buy,0,32.6362158,closed,1082253355
D-1,14/12/2025,23:09.0,BTCUSD,buy,0,8.0816028,closed,1083291672
D-1,14/12/2025,10:43.0,BTCUSD,sell,0,0,cancelled,1083274798
D-1,14/12/2025,10:42.9,BTCUSD,sell,42.7125,0,closed,1083274797
D-1,14/12/2025,03:04.4,BTCUSD,buy,0,8.07113165,closed,1083267495
D-1,15/12/2025,26:54.6,BTCUSD,buy,0,7.84301885,closed,1084957428
D-1,15/12/2025,26:16.5,BTCUSD,buy,0,0,cancelled,1084956283
D-1,15/12/2025,57:12.1,BTCUSD,sell,-1194.25,7.8279441,closed,1084859889
D-1,15/12/2025,55:59.1,BTCUSD,sell,0,0,cancelled,1083293019
D-2,15/12/2025,59:01.9,BTCUSD,sell,0,1.5693533,closed,1085013850
D-2,15/12/2025,57:51.2,BTCUSD,sell,0,0,cancelled,1085012008
D-2,15/12/2025,24:59.6,BTCUSD,buy,752.4625,19.6068701,closed,1084952830
D-2,15/12/2025,55:38.4,BTCUSD,sell,0,8.0025715,closed,1083841230
D-2,15/12/2025,55:08.2,BTCUSD,sell,52.7,20.01477745,closed,1083840971
D-2,15/12/2025,44:09.1,BTCUSD,buy,0,7.9947175,closed,1083835751
D-2,15/12/2025,41:14.3,BTCUSD,buy,439.45,20.0221121,closed,1083707766
D-2,15/12/2025,38:45.3,BTCUSD,buy,0,0,cancelled,1083294730
D-3,15/12/2025,21:36.7,BTCUSD,sell,-458.15,3.0933727,closed,1085206396
D-3,15/12/2025,21:12.2,BTCUSD,sell,0,0,cancelled,1085200883
D-3,15/12/2025,22:32.6,BTCUSD,buy,0,7.97670855,closed,1084688521
D-3,15/12/2025,22:14.0,BTCUSD,buy,0,0,cancelled,1084686482
D-3,15/12/2025,21:43.8,BTCUSD,buy,0,0,cancelled,1084683685
D-3,15/12/2025,33:37.6,BTCUSD,sell,0,0,cancelled,1084200946
D-2,16/12/2025,50:38.0,BTCUSD,sell,0,0,cancelled,1086867584
D-2,16/12/2025,50:36.1,BTCUSD,sell,0,1.576376,closed,1086867410
D-2,16/12/2025,39:06.5,BTCUSD,buy,-139.485,11.7622269,closed,1086372786
D-2,16/12/2025,37:48.0,BTCUSD,buy,-79.73,7.8344432,closed,1086369150
D-2,16/12/2025,32:37.2,BTCUSD,sell,0,0,cancelled,1086349373
D-2,16/12/2025,32:25.7,BTCUSD,sell,0,0,cancelled,1086348499
D-2,16/12/2025,32:17.7,BTCUSD,sell,0,0,cancelled,1086347783
D-2,16/12/2025,19:32:44,BTCUSD,sell,0,7.7921064,closed,1086345196
D-2,16/12/2025,31:38.8,BTCUSD,sell,0,0,cancelled,1086339434
D-2,16/12/2025,56:51.0,BTCUSD,buy,-125.4175,3.94229405,closed,1086243609
D-2,16/12/2025,35:22.1,BTCUSD,buy,-182.58,7.84834495,closed,1086054528
D-2,16/12/2025,13:53.5,BTCUSD,buy,-83.385,7.79567215,closed,1085776304
D-2,16/12/2025,56:50.8,BTCUSD,buy,0,0,cancelled,1085527265
D-2,16/12/2025,19:03.0,BTCUSD,buy,0,0,cancelled,1085526063
D-2,16/12/2025,17:06.8,BTCUSD,sell,0,7.7513948,closed,1085525625
D-2,16/12/2025,16:56.4,BTCUSD,sell,0,0,cancelled,1085525512
D-2,16/12/2025,12:34.1,BTCUSD,buy,93.585,3.87368885,closed,1085304762
D-2,16/12/2025,12:15.2,BTCUSD,buy,0,0,cancelled,1085059668
D-1,17/12/2025,04:06.5,BTCUSD,buy,0,7.8059631,closed,1088312415
D-1,17/12/2025,44:21.1,BTCUSD,sell,-254.15,0,closed,1088222611
D-1,17/12/2025,32:39.0,BTCUSD,buy,0,19.75299445,closed,1088187603
D-1,17/12/2025,32:53.2,BTCUSD,buy,0,7.8970457,closed,1088186382
D-1,17/12/2025,32:11.0,BTCUSD,buy,0,0,cancelled,1088183090
D-1,17/12/2025,31:28.6,BTCUSD,buy,0,0,cancelled,1088182716
D-1,17/12/2025,31:21.4,BTCUSD,buy,0,0,cancelled,1088182171
D-1,17/12/2025,32:08.9,BTCUSD,buy,0,0,cancelled,1088181235
D-1,17/12/2025,30:38.4,BTCUSD,sell,-324.275,0,closed,1088178431
D-1,17/12/2025,21:03.1,BTCUSD,buy,0,7.9301294,closed,1088135549
D-1,17/12/2025,20:05.9,BTCUSD,buy,0,0,cancelled,1088129569
D-1,17/12/2025,19:33.1,BTCUSD,buy,0,0,cancelled,1088127788
D-1,17/12/2025,19:26.5,BTCUSD,buy,0,0,cancelled,1088127403
D-1,17/12/2025,12:56.6,BTCUSD,sell,1076.95,20.0561886,closed,1088092301
D-1,17/12/2025,26:18.0,BTCUSD,buy,0,7.7937316,closed,1087407522
D-1,17/12/2025,25:58.7,BTCUSD,buy,0,0,cancelled,1087407290
D-1,17/12/2025,25:49.1,BTCUSD,buy,0,0,cancelled,1087407072
D-1,17/12/2025,58:41.7,BTCUSD,sell,49.5125,19.63383805,closed,1087155126
D-2,17/12/2025,50:27.1,BTCUSD,buy,-41.395,3.962921,closed,1087782797
D-3,17/12/2025,24:26.0,BTCUSD,buy,1778.2,39.6140868,closed,1088152338
D-3,17/12/2025,52:59.2,BTCUSD,sell,0,0,cancelled,1088023571
D-3,17/12/2025,52:56.1,BTCUSD,sell,0,16.2233244,closed,1088020761
D-3,17/12/2025,51:46.7,BTCUSD,sell,0,0,cancelled,1088019486
D-3,17/12/2025,24:55.7,BTCUSD,sell,212.925,4.8312504,closed,1086870939
D-1,18/12/2025,47:52.3,BTCUSD,buy,0,4.65316605,closed,1090096473
D-1,18/12/2025,47:33.8,BTCUSD,buy,0,0,cancelled,1090095600
D-1,18/12/2025,47:24.5,BTCUSD,buy,0,0,cancelled,1090094785
D-1,18/12/2025,34:09.2,BTCUSD,sell,483.65,19.7717259,closed,1090028206
D-2,18/12/2025,52:31.5,BTCUSD,buy,-118.15,78.42431925,closed,1089144947
D-2,18/12/2025,47:30.8,BTCUSD,sell,0,78.3615816,closed,1089042406
D-2,18/12/2025,47:07.0,BTCUSD,sell,0,0,cancelled,1089041777
D-2,18/12/2025,46:35.3,BTCUSD,sell,0,0,cancelled,1089041620
D-2,18/12/2025,44:44.6,BTCUSD,sell,0,0,cancelled,1088623921
D-3,18/12/2025,48:21.9,BTCUSD,sell,0,1.56077765,closed,1090259844
D-3,18/12/2025,48:24.1,BTCUSD,sell,0,0,cancelled,1090259058
D-3,18/12/2025,47:31.3,BTCUSD,sell,0,0,cancelled,1090257886
D-3,18/12/2025,54:24.4,BTCUSD,buy,1078.225,7.7347399,closed,1090130404
D-3,18/12/2025,44:38.3,BTCUSD,sell,0,7.9637554,closed,1089932553
D-3,18/12/2025,43:38.7,BTCUSD,buy,762.45,0,closed,1089930535
D-3,18/12/2025,18:10.4,BTCUSD,sell,0,8.0144868,closed,1089882608
D-3,18/12/2025,18:01.0,BTCUSD,sell,0,0,cancelled,1089882259
D-3,18/12/2025,15:07.4,BTCUSD,sell,0,16.07203205,closed,1089873267
D-3,18/12/2025,15:18.3,BTCUSD,sell,0,0,cancelled,1089872260
D-3,18/12/2025,14:29.6,BTCUSD,sell,0,0,cancelled,1089870382
D-3,18/12/2025,57:47.7,BTCUSD,buy,-988.125,0,closed,1089820657
D-3,18/12/2025,42:17.7,BTCUSD,sell,0,47.736221,closed,1089784936
D-3,18/12/2025,23:03.6,BTCUSD,buy,106.675,0,closed,1089739797
D-3,18/12/2025,04:37.8,BTCUSD,sell,0,15.9494459,closed,1089683909
D-3,18/12/2025,48:25.1,BTCUSD,buy,2.125,0,closed,1089635049
D-3,18/12/2025,41:26.6,BTCUSD,sell,0,8.00383545,closed,1089599358
D-3,18/12/2025,41:14.6,BTCUSD,sell,0,0,cancelled,1089597423
D-3,18/12/2025,40:12.8,BTCUSD,sell,0,0,cancelled,1089593947
D-3,18/12/2025,32:06.2,BTCUSD,buy,-124.7375,0,closed,1089569912
D-3,18/12/2025,17:19.6,BTCUSD,sell,0,20.0702935,closed,1089509775
D-3,18/12/2025,17:07.2,BTCUSD,sell,0,0,cancelled,1089507317
D-3,18/12/2025,15:37.6,BTCUSD,buy,0,0,cancelled,1088615970
D-1,19/12/2025,04:05.9,BTCUSD,sell,-97.7075,4.3624737,closed,1091898534
D-1,19/12/2025,27:28.7,BTCUSD,buy,2.975,1.76804845,closed,1091530405
D-1,19/12/2025,19:05.5,BTCUSD,sell,0,3.536799,closed,1091509912
D-1,19/12/2025,18:58.7,BTCUSD,sell,0,0,cancelled,1091509488
D-1,19/12/2025,18:51.8,BTCUSD,sell,0,0,cancelled,1091509105
D-1,19/12/2025,14:01.5,BTCUSD,buy,-66.9375,13.23756935,closed,1091481450
D-1,19/12/2025,07:25.8,BTCUSD,sell,0,5.28657245,closed,1091458007
D-1,19/12/2025,07:24.6,BTCUSD,sell,0,0,cancelled,1091457458
D-1,19/12/2025,06:41.3,BTCUSD,sell,0,0,cancelled,1091457169
D-1,19/12/2025,53:39.6,BTCUSD,sell,0,5.28768595,closed,1090946957
D-1,19/12/2025,53:42.4,BTCUSD,sell,0,0,cancelled,1090946697
D-1,19/12/2025,51:36.1,BTCUSD,sell,501.33,13.2212451,closed,1090944365
D-1,19/12/2025,51:36.0,BTCUSD,sell,0,0,cancelled,1090271780
D-2,19/12/2025,17:55.7,BTCUSD,buy,488.75,19.6516668,closed,1091932959
D-2,19/12/2025,57:02.3,BTCUSD,sell,0,7.96447705,closed,1091629299
D-2,19/12/2025,05:00.8,BTCUSD,sell,-110.7125,7.92335915,closed,1091452280
D-2,19/12/2025,52:44.3,BTCUSD,buy,0,4.76457725,closed,1091425922
D-2,19/12/2025,52:27.2,BTCUSD,buy,0,0,cancelled,1091425765
D-2,19/12/2025,31:45.1,BTCUSD,buy,0,1.58830065,closed,1091329263
D-2,19/12/2025,31:22.5,BTCUSD,buy,0,0,cancelled,1091328823
D-2,19/12/2025,31:29.2,BTCUSD,buy,0,0,cancelled,1091328552
D-2,19/12/2025,30:58.9,BTCUSD,buy,0,0,cancelled,1091328301
D-2,19/12/2025,51:30.0,BTCUSD,buy,0,3.9849921,closed,1091190832
D-2,19/12/2025,51:32.7,BTCUSD,buy,0,0,cancelled,1091190017
D-2,19/12/2025,51:31.6,BTCUSD,buy,0,0,cancelled,1091189735
D-2,19/12/2025,35:53.2,BTCUSD,sell,1094.8,19.8946053,closed,1091173798
D-2,19/12/2025,14:17.3,BTCUSD,buy,0,7.7253066,closed,1090483482
D-3,19/12/2025,19:27.8,BTCUSD,sell,-174.25,19.8415721,closed,1091682264
D-3,19/12/2025,41:27.4,BTCUSD,buy,0,7.97364005,closed,1091556442
D-3,19/12/2025,41:32.2,BTCUSD,buy,0,0,cancelled,1091555624
D-3,19/12/2025,40:56.7,BTCUSD,buy,0,0,cancelled,1091554457
D-3,19/12/2025,40:30.8,BTCUSD,buy,0,0,cancelled,1091554301
D-3,19/12/2025,40:10.9,BTCUSD,buy,0,0,cancelled,1091553684
D-3,19/12/2025,40:04.9,BTCUSD,buy,0,0,cancelled,1091553482
D-3,19/12/2025,47:17.1,BTCUSD,buy,-555.8757147,15.93464145,closed,1091414632
D-3,19/12/2025,47:09.7,BTCUSD,buy,0,0,cancelled,1091413019
D-3,19/12/2025,45:42.7,BTCUSD,buy,-374.3217862,0,closed,1090931283
D-3,19/12/2025,45:24.3,BTCUSD,buy,0,0,cancelled,1090929789
D-3,19/12/2025,31:58.9,BTCUSD,sell,0,4.74448325,closed,1090892617
D-3,19/12/2025,32:03.2,BTCUSD,sell,0,0,cancelled,1090892186
D-3,19/12/2025,47:46.7,BTCUSD,sell,0,1.57592465,closed,1090734352
D-3,19/12/2025,47:51.7,BTCUSD,sell,0,0,cancelled,1090733936
D-3,19/12/2025,16:04.0,BTCUSD,buy,-412.08,11.7868701,closed,1090689991
D-3,19/12/2025,36:48.3,BTCUSD,sell,0,7.69366705,closed,1090554452
D-3,19/12/2025,36:37.7,BTCUSD,sell,0,0,cancelled,1090554377
D-1,20/12/2025,04:45.9,BTCUSD,sell,-45.05,22.092078,closed,1092894485
D-1,20/12/2025,08:27.2,BTCUSD,sell,-56.7375,22.0851828,closed,1092853094
D-1,20/12/2025,47:51.1,BTCUSD,buy,0,17.694926,closed,1092670073
D-1,20/12/2025,40:24.0,BTCUSD,sell,15.5125,22.0866873,closed,1092601650
D-1,20/12/2025,24:38.9,BTCUSD,buy,0,8.83101465,closed,1092204394
D-3,20/12/2025,07:11.0,BTCUSD,buy,32.5125,19.88964045,closed,1092896512
D-3,20/12/2025,49:56.1,BTCUSD,sell,0,7.9627626,closed,1092671644
D-3,20/12/2025,55:59.6,BTCUSD,buy,-7.65,19.92450745,closed,1092615305
D-3,20/12/2025,06:58.8,BTCUSD,sell,0,7.9681788,closed,1092531923
D-3,20/12/2025,08:27.2,BTCUSD,buy,-68.425,39.8984373,closed,1092491369
D-3,20/12/2025,08:15.9,BTCUSD,buy,0,0,cancelled,1092490871
D-3,20/12/2025,07:48.6,BTCUSD,buy,0,0,cancelled,1092490420
D-3,20/12/2025,43:20.2,BTCUSD,sell,0,15.94484145,closed,1092326721
D-3,20/12/2025,43:26.6,BTCUSD,sell,0,0,cancelled,1092326605
D-3,20/12/2025,43:25.8,BTCUSD,sell,0,0,cancelled,1092326469
D-3,20/12/2025,42:50.6,BTCUSD,sell,0,0,cancelled,1092326401
D-3,20/12/2025,33:22.4,BTCUSD,buy,-66.725,39.86300675,closed,1092319977
D-3,20/12/2025,02:54.5,BTCUSD,sell,0,15.9310315,closed,1092299880
D-3,20/12/2025,02:43.6,BTCUSD,sell,0,0,cancelled,1092299803
D-1,21/12/2025,48:03.3,BTCUSD,buy,0,5.3426903,closed,1093577055
D-1,21/12/2025,48:11.0,BTCUSD,buy,0,0,cancelled,1093576592
D-1,21/12/2025,47:29.2,BTCUSD,buy,0,0,cancelled,1093576448
D-1,21/12/2025,49:20.4,BTCUSD,buy,0,3.55388995,closed,1093510075
D-1,21/12/2025,49:12.6,BTCUSD,buy,0,0,cancelled,1093509968
D-1,21/12/2025,42:03.9,BTCUSD,sell,-161.925,44.43666125,closed,1093503558
D-1,21/12/2025,41:40.3,BTCUSD,sell,0,0,cancelled,1093503151
D-1,21/12/2025,41:35.0,BTCUSD,sell,0,0,cancelled,1093502831
D-1,21/12/2025,45:30.7,BTCUSD,buy,0,17.81287965,closed,1093439469
D-1,21/12/2025,43:18.3,BTCUSD,sell,161.075,17.805256,closed,1093437177
D-1,21/12/2025,43:07.8,BTCUSD,sell,0,0,cancelled,1093436764
D-1,21/12/2025,39:41.1,BTCUSD,buy,0,17.7672423,closed,1093354353
D-1,21/12/2025,39:49.4,BTCUSD,buy,0,0,cancelled,1093354109
D-1,21/12/2025,39:14.9,BTCUSD,buy,0,0,cancelled,1093353964
D-1,21/12/2025,38:53.2,BTCUSD,buy,0,0,cancelled,1093353217
D-1,21/12/2025,38:51.7,BTCUSD,buy,0,0,cancelled,1093352840
D-1,21/12/2025,38:06.4,BTCUSD,buy,0,0,cancelled,1093352590
D-1,21/12/2025,37:57.6,BTCUSD,buy,0,0,cancelled,1093352324
D-2,21/12/2025,09:53.9,BTCUSD,buy,0,1.5873444,closed,1093808470
D-2,21/12/2025,08:59.2,BTCUSD,buy,0,0,cancelled,1093808060
D-2,21/12/2025,09:05.9,BTCUSD,buy,0,0,cancelled,1093807873
D-2,21/12/2025,08:41.1,BTCUSD,buy,0,0,cancelled,1093807750
D-2,21/12/2025,09:04.6,BTCUSD,buy,0,0,cancelled,1093807472
D-2,21/12/2025,48:19.6,BTCUSD,buy,-151.9375,0,closed,1093781838
D-2,21/12/2025,30:31.1,BTCUSD,sell,0,7.907788,closed,1093741322
D-2,21/12/2025,40:10.4,BTCUSD,sell,134.3,0,closed,1093501871
D-2,21/12/2025,35:10.8,BTCUSD,buy,0,31.97670505,closed,1093497102
D-2,21/12/2025,34:57.8,BTCUSD,buy,0,0,cancelled,1093496869
D-2,21/12/2025,08:25.7,BTCUSD,buy,35.7,12.01529825,closed,1093467200
D-2,21/12/2025,19:32.7,BTCUSD,sell,0,4.813703,closed,1093401228
D-2,21/12/2025,19:23.2,BTCUSD,sell,0,0,cancelled,1093401056
D-2,21/12/2025,19:17.2,BTCUSD,sell,0,0,cancelled,1093400942
D-3,21/12/2025,09:39.1,BTCUSD,sell,0,1.6022024,closed,1093596968
D-3,21/12/2025,09:42.9,BTCUSD,sell,0,0,cancelled,1093596830
D-3,21/12/2025,09:13.7,BTCUSD,sell,0,0,cancelled,1093596366
D-3,21/12/2025,54:17.6,BTCUSD,buy,26.1375,12.0324946,closed,1093584161
D-3,21/12/2025,25:14.4,BTCUSD,sell,0,4.8185497,closed,1093411497
D-3,21/12/2025,20:45.3,BTCUSD,buy,-53.1675,0,closed,1093402959
D-3,21/12/2025,53:12.0,BTCUSD,sell,0,4.8035744,closed,1093369364
D-3,21/12/2025,53:02.1,BTCUSD,sell,0,0,cancelled,1093369226
D-3,21/12/2025,52:53.4,BTCUSD,sell,0,0,cancelled,1093369094
D-1,22/12/2025,02:50.9,BTCUSD,sell,44.693,1.7898637,closed,1095339504
D-1,22/12/2025,00:56.2,BTCUSD,sell,-198.288,17.6761699,closed,1094044773
D-3,22/12/2025,24:02.6,BTCUSD,sell,0,8.0944208,closed,1094636406
D-3,22/12/2025,23:56.3,BTCUSD,sell,0,0,cancelled,1094636335
D-3,22/12/2025,23:12.4,BTCUSD,buy,-78.37,4.0471203,closed,1094635889
D-1,23/12/2025,58:51.8,BTCUSD,sell,37.6125,0,closed,1095887155
D-1,23/12/2025,36:19.9,BTCUSD,buy,0,26.3434941,closed,1095871578
D-1,23/12/2025,33:11.7,BTCUSD,sell,117.0875,21.9331025,closed,1095868749
D-1,23/12/2025,02:51.2,BTCUSD,buy,0,8.74560835,closed,1095785679
D-1,23/12/2025,01:05.2,BTCUSD,sell,-420.9625,8.7388381,closed,1095783069
D-1,23/12/2025,43:25.0,BTCUSD,buy,0,8.83818525,closed,1095672416
D-1,23/12/2025,42:21.8,BTCUSD,sell,-395.675,44.14428675,closed,1095671242
D-1,23/12/2025,42:11.9,BTCUSD,sell,0,0,cancelled,1095670550
D-1,23/12/2025,06:35.3,BTCUSD,buy,0,17.751094,closed,1095555733
D-1,23/12/2025,06:08.6,BTCUSD,buy,0,0,cancelled,1095555635
D-1,23/12/2025,06:11.8,BTCUSD,buy,0,0,cancelled,1095555606
D-1,23/12/2025,05:38.9,BTCUSD,buy,0,0,cancelled,1095555572
D-2,23/12/2025,07:20.6,BTCUSD,buy,-132.6,39.553832,closed,1095892281
D-2,23/12/2025,34:35.1,BTCUSD,sell,0,7.89627815,closed,1095870083
D-2,23/12/2025,34:39.5,BTCUSD,sell,0,7.89709075,closed,1095869863
D-2,23/12/2025,13:24.1,BTCUSD,buy,778.175,39.4039838,closed,1095798844
D-2,23/12/2025,50:32.3,BTCUSD,sell,0,15.9268784,closed,1095681135
D-2,23/12/2025,48:29.5,BTCUSD,buy,254.3625,59.7264689,closed,1095679217
D-2,23/12/2025,11:49.7,BTCUSD,sell,0,23.94461475,closed,1095556801
D-2,23/12/2025,33:37.4,BTCUSD,sell,79.1775,1.60416165,closed,1095420383
D-2,23/12/2025,33:23.6,BTCUSD,sell,0,0,cancelled,1095420042
D-2,23/12/2025,33:19.0,BTCUSD,sell,0,0,cancelled,1095419741
D-2,23/12/2025,33:01.5,BTCUSD,sell,0,0,cancelled,1095419220
D-2,23/12/2025,32:46.8,BTCUSD,sell,0,0,cancelled,1095418727
D-3,23/12/2025,22:19.5,BTCUSD,sell,0,4.73164655,closed,1095808406
D-3,23/12/2025,00:27.2,BTCUSD,sell,-74.035,3.9304017,closed,1095782375
D-3,23/12/2025,31:39.4,BTCUSD,buy,0,1.58788585,closed,1095757837
D-3,23/12/2025,47:50.2,BTCUSD,buy,614.975,19.90949985,closed,1095678375
D-1,24/12/2025,04:01.0,BTCUSD,sell,-88.5275,8.73337175,closed,1097529585
D-1,24/12/2025,03:43.9,BTCUSD,sell,0,0,cancelled,1097528596
D-1,24/12/2025,59:21.4,BTCUSD,buy,0,14.0101454,closed,1097409601
D-1,24/12/2025,59:24.6,BTCUSD,buy,0,0,cancelled,1097409464
D-1,24/12/2025,58:55.4,BTCUSD,buy,0,0,cancelled,1097408669
D-1,24/12/2025,04:31.5,BTCUSD,buy,0,3.4983841,closed,1097346418
D-1,24/12/2025,55:05.6,BTCUSD,sell,146.8375,8.75313085,closed,1097335438
D-1,24/12/2025,17:18.3,BTCUSD,buy,0,8.71847805,closed,1097188270
D-1,24/12/2025,17:10.3,BTCUSD,buy,0,0,cancelled,1097188207
D-1,24/12/2025,17:04.3,BTCUSD,buy,0,0,cancelled,1097188132
D-1,24/12/2025,16:58.0,BTCUSD,buy,0,0,cancelled,1097188073
D-1,24/12/2025,16:44.2,BTCUSD,buy,0,0,cancelled,1097187821
D-1,24/12/2025,16:41.6,BTCUSD,buy,0,0,cancelled,1097187711
D-1,24/12/2025,16:40.4,BTCUSD,buy,0,0,cancelled,1097187611
D-1,24/12/2025,16:06.4,BTCUSD,buy,0,0,cancelled,1097187541
D-1,24/12/2025,16:00.4,BTCUSD,buy,0,0,cancelled,1097187467
D-2,24/12/2025,36:14.0,BTCUSD,sell,0,3.1345178,closed,1097201453
D-2,24/12/2025,36:17.5,BTCUSD,sell,0,0,cancelled,1097201323
D-3,24/12/2025,06:03.9,BTCUSD,sell,0,10.9809851,closed,1097536383
D-3,24/12/2025,06:08.0,BTCUSD,sell,0,0,cancelled,1097535268
D-3,24/12/2025,06:07.9,BTCUSD,sell,0,0,cancelled,1097534321
D-1,25/12/2025,21:05.4,BTCUSD,sell,0,0,cancelled,1098768047
D-1,25/12/2025,06:49.7,BTCUSD,buy,0,44.263393,closed,1098761696
D-1,25/12/2025,03:09.5,BTCUSD,sell,-52.7,0,closed,1098757054
D-1,25/12/2025,02:52.8,BTCUSD,sell,0,0,cancelled,1098756513
D-1,25/12/2025,02:45.6,BTCUSD,sell,0,0,cancelled,1098756271
D-1,25/12/2025,53:46.5,BTCUSD,buy,0,35.4518374,closed,1098744659
D-1,25/12/2025,47:31.4,BTCUSD,buy,0,0,cancelled,1098736177
D-1,25/12/2025,46:50.2,BTCUSD,buy,0,0,cancelled,1098734339
D-1,25/12/2025,34:08.9,BTCUSD,sell,119.4675,13.27646025,closed,1098712901
D-1,25/12/2025,34:01.3,BTCUSD,sell,0,0,cancelled,1098711623
D-1,25/12/2025,13:51.1,BTCUSD,buy,0,5.28239045,closed,1098080283
D-1,25/12/2025,13:54.6,BTCUSD,buy,0,0,cancelled,1098079846
D-1,25/12/2025,13:54.1,BTCUSD,buy,0,0,cancelled,1098079708
D-1,25/12/2025,38:18.1,BTCUSD,sell,441.8725,88.0919855,closed,1098057011
D-1,25/12/2025,38:11.3,BTCUSD,sell,0,0,cancelled,1098056781
D-1,25/12/2025,54:44.3,BTCUSD,buy,0,26.3782506,closed,1097989838
D-1,26/12/2025,59:24.8,BTCUSD,sell,0,0,cancelled,1099270453
D-1,26/12/2025,34:41.8,BTCUSD,buy,0,5.3571335,closed,1099238714
D-1,26/12/2025,34:46.3,BTCUSD,buy,0,0,cancelled,1099238602
D-1,26/12/2025,34:22.0,BTCUSD,buy,0,0,cancelled,1099238446
D-1,26/12/2025,34:45.6,BTCUSD,buy,0,0,cancelled,1099238328
D-1,26/12/2025,34:48.9,BTCUSD,buy,0,0,cancelled,1099238180
D-1,26/12/2025,33:22.9,BTCUSD,sell,105.9525,13.39132925,closed,1099237630
D-1,26/12/2025,33:22.8,BTCUSD,sell,0,0,cancelled,1099191246
D-1,26/12/2025,38:49.3,BTCUSD,buy,0,5.33152725,closed,1099149642
D-1,26/12/2025,38:53.7,BTCUSD,buy,0,0,cancelled,1099149494
D-1,26/12/2025,38:34.1,BTCUSD,buy,0,0,cancelled,1099149414
D-1,26/12/2025,35:21.1,BTCUSD,sell,99.2375,22.19024705,closed,1099145797
D-1,26/12/2025,55:07.5,BTCUSD,sell,1443.3,89.378333,closed,1098792950
D-2,26/12/2025,57:58.1,BTCUSD,buy,0,0,cancelled,1099873842
D-2,26/12/2025,58:10.6,BTCUSD,buy,0,0,cancelled,1099272597
D-3,26/12/2025,52:00.0,BTCUSD,buy,0,4.7094131,closed,1099861205
D-3,26/12/2025,51:51.8,BTCUSD,buy,0,0,cancelled,1099860968
D-3,26/12/2025,51:46.1,BTCUSD,buy,0,0,cancelled,1099860756
D-3,26/12/2025,51:30.5,BTCUSD,buy,0,0,cancelled,1099859575
D-3,26/12/2025,51:31.4,BTCUSD,buy,0,0,cancelled,1099858983
D-3,26/12/2025,51:00.8,BTCUSD,buy,0,0,cancelled,1099858725
D-3,26/12/2025,50:55.0,BTCUSD,buy,0,0,cancelled,1099858483
D-3,26/12/2025,50:49.9,BTCUSD,buy,0,0,cancelled,1099858242
D-3,26/12/2025,51:32.9,BTCUSD,buy,0,0,cancelled,1099857209
D-3,26/12/2025,44:39.7,BTCUSD,buy,202.98,39.1737953,closed,1099837776
D-3,26/12/2025,44:39.5,BTCUSD,buy,0,0,cancelled,1099274126
D-1,29/12/2025,17:42.4,BTCUSD,sell,0,1.7504764,closed,1102577099
D-1,29/12/2025,17:45.5,BTCUSD,sell,0,1.7509371,closed,1102576834
D-1,29/12/2025,17:16.1,BTCUSD,sell,0,0,cancelled,1102576328
D-1,29/12/2025,17:15.3,BTCUSD,sell,0,0,cancelled,1102576183
D-1,29/12/2025,47:51.8,BTCUSD,sell,0,1.74340525,closed,1102524204
D-1,29/12/2025,25:41.6,BTCUSD,buy,721.82,7.0493254,closed,1102325180
D-1,29/12/2025,35:27.0,BTCUSD,buy,235.96,1.749232,closed,1102294469
D-1,29/12/2025,12:02.8,BTCUSD,buy,0,0,cancelled,1102211615
D-1,29/12/2025,16:48.3,BTCUSD,sell,0,9.0245928,closed,1101922593
D-1,29/12/2025,16:59.3,BTCUSD,sell,0,0,cancelled,1101922250
D-1,29/12/2025,03:49.5,BTCUSD,sell,173.7825,5.398146,closed,1099876092
D-2,29/12/2025,19:40.5,BTCUSD,buy,0,1.58637795,closed,1102394410
D-2,29/12/2025,19:40.5,BTCUSD,buy,0,1.58637795,closed,1102394266
D-2,29/12/2025,05:19.6,BTCUSD,buy,-579.87,8.1442053,closed,1101980268
D-2,29/12/2025,05:19.5,BTCUSD,buy,0,0,cancelled,1099874558
D-3,29/12/2025,28:40.6,BTCUSD,buy,0,0,cancelled,1102331545
D-3,29/12/2025,28:40.3,BTCUSD,buy,0,1.58882425,closed,1102329656
D-3,29/12/2025,56:50.6,BTCUSD,buy,0,1.6119247,closed,1102250226
D-3,29/12/2025,56:35.1,BTCUSD,buy,0,0,cancelled,1102250044
D-3,29/12/2025,56:29.6,BTCUSD,buy,0,0,cancelled,1102249888
D-3,29/12/2025,56:24.2,BTCUSD,buy,0,0,cancelled,1102249720
D-3,29/12/2025,26:00.9,BTCUSD,buy,0,1.61578795,closed,1102214411
D-3,29/12/2025,25:55.2,BTCUSD,buy,0,0,cancelled,1102214278
D-3,29/12/2025,23:48.0,BTCUSD,sell,0,0,cancelled,1102212969
D-3,29/12/2025,02:11.8,BTCUSD,buy,0,1.6173137,closed,1102146012
D-3,29/12/2025,02:04.6,BTCUSD,buy,0,0,cancelled,1102145929
D-3,29/12/2025,27:47.9,BTCUSD,buy,0,1.61992235,closed,1102107906
D-3,29/12/2025,22:54.6,BTCUSD,sell,-17.4675,4.0541838,closed,1102103690
D-3,29/12/2025,22:47.6,BTCUSD,sell,0,0,cancelled,1102103410
D-3,29/12/2025,25:55.8,BTCUSD,buy,0,1.6253836,closed,1101934192
D-3,29/12/2025,26:00.7,BTCUSD,buy,0,0,cancelled,1101934037
D-3,29/12/2025,25:41.9,BTCUSD,buy,0,0,cancelled,1101933922
D-3,29/12/2025,10:17.7,BTCUSD,sell,777.6225,4.87458,closed,1099872839
D-1,30/12/2025,06:13.6,BTCUSD,sell,0,1.76143885,closed,1103459465
D-1,30/12/2025,06:06.8,BTCUSD,sell,0,0,cancelled,1103459395
D-1,30/12/2025,05:40.6,BTCUSD,sell,0,0,cancelled,1103458659
D-1,30/12/2025,05:38.1,BTCUSD,sell,0,0,cancelled,1103458342
D-1,30/12/2025,22:33.5,BTCUSD,buy,14.13833305,8.7330207,closed,1103177001
D-2,30/12/2025,31:41.1,BTCUSD,sell,0,3.203412,closed,1103886368
D-2,30/12/2025,31:18.0,BTCUSD,sell,152.15,8.0126814,closed,1103884684
D-3,30/12/2025,14:01.4,BTCUSD,sell,-179.0695,3.9318008,closed,1103123813
D-2,31/12/2025,56:30.1,BTCUSD,buy,0,0,cancelled,1105116721
D-2,31/12/2025,56:30.4,BTCUSD,buy,0,3.17178095,closed,1105116454
D-2,31/12/2025,56:15.7,BTCUSD,buy,0,0,cancelled,1105116298
D-2,31/12/2025,55:33.8,BTCUSD,buy,166.515,7.9201096,closed,1105114991
D-2,31/12/2025,55:33.7,BTCUSD,buy,0,0,cancelled,1105114654
D-1,02/01/2026,46:17.8,BTCUSD,buy,-580.9183339,9.11701925,closed,1107636203
D-2,02/01/2026,22:17.5,BTCUSD,buy,-19.465,1.6160948,closed,1107386587
D-2,02/01/2026,22:10.2,BTCUSD,buy,0,0,cancelled,1107386251
D-2,02/01/2026,22:03.4,BTCUSD,buy,0,0,cancelled,1107385811
D-2,02/01/2026,34:41.9,BTCUSD,sell,0,8.05980285,closed,1107258714
D-2,02/01/2026,34:47.0,BTCUSD,sell,0,0,cancelled,1107258268
D-2,02/01/2026,34:20.5,BTCUSD,sell,0,0,cancelled,1107254457
D-2,02/01/2026,30:17.7,BTCUSD,buy,2.55,0,closed,1107241784
D-2,02/01/2026,23:52.5,BTCUSD,sell,0,8.0932478,closed,1107221849
D-2,02/01/2026,23:44.8,BTCUSD,sell,0,0,cancelled,1107221464
D-2,02/01/2026,23:58.1,BTCUSD,sell,0,0,cancelled,1107217712
D-2,02/01/2026,22:53.2,BTCUSD,sell,0,0,cancelled,1107217355
D-2,02/01/2026,22:14.0,BTCUSD,sell,0,0,cancelled,1107214320
D-2,02/01/2026,22:19.8,BTCUSD,sell,0,0,cancelled,1107213310
D-2,02/01/2026,19:45.1,BTCUSD,buy,-66.3,4.0489036,closed,1107197871
D-2,02/01/2026,09:01.8,BTCUSD,buy,-47.09,0,closed,1107151453
D-2,02/01/2026,08:32.1,BTCUSD,buy,0,0,cancelled,1107147283
D-2,02/01/2026,49:30.0,BTCUSD,sell,0,0,cancelled,1107089067
D-2,02/01/2026,49:28.2,BTCUSD,sell,0,6.4105062,closed,1107087471
D-2,02/01/2026,49:00.1,BTCUSD,sell,0,0,cancelled,1107082881
D-2,02/01/2026,58:13.8,BTCUSD,sell,0,1.61688955,closed,1107009770
D-2,02/01/2026,50:39.1,BTCUSD,buy,-43.5625,20.21912595,closed,1107000490
D-2,02/01/2026,50:38.9,BTCUSD,buy,0,0,cancelled,1106905515
D-2,02/01/2026,10:01.2,BTCUSD,sell,0,4.8452788,closed,1106884416
D-2,02/01/2026,49:05.6,BTCUSD,sell,0,1.6139562,closed,1106852559
D-2,02/01/2026,48:01.7,BTCUSD,sell,0,0,cancelled,1106851519
D-2,02/01/2026,47:40.7,BTCUSD,sell,0,0,cancelled,1106850856
D-2,02/01/2026,47:27.9,BTCUSD,sell,0,0,cancelled,1106850553
D-2,02/01/2026,19:34.4,BTCUSD,sell,0,1.61916415,closed,1106815997
D-2,02/01/2026,18:43.1,BTCUSD,buy,-243.95,12.1455582,closed,1106815015
D-2,02/01/2026,18:34.4,BTCUSD,buy,0,0,cancelled,1106814074
D-2,02/01/2026,39:57.0,BTCUSD,sell,0,1.60649915,closed,1106554307
D-2,02/01/2026,34:56.1,BTCUSD,sell,0,3.19990915,closed,1106445015
D-2,02/01/2026,33:08.8,BTCUSD,sell,130.985,7.99900575,closed,1106443847
D-2,02/01/2026,17:03.8,BTCUSD,buy,0,0,cancelled,1105229038
D-2,02/01/2026,17:04.6,BTCUSD,buy,0,0,cancelled,1105228330
D-3,02/01/2026,31:01.3,BTCUSD,buy,0,1.6131793,closed,1107403810
D-3,02/01/2026,55:54.3,BTCUSD,sell,-46.24,8.0319543,closed,1107319369
D-3,02/01/2026,44:31.5,BTCUSD,buy,0,1.6087559,closed,1107070428
D-3,02/01/2026,42:22.4,BTCUSD,buy,0,1.6138474,closed,1106932567
D-3,02/01/2026,42:10.0,BTCUSD,buy,0,0,cancelled,1106932456
D-3,02/01/2026,30:27.3,BTCUSD,sell,1.8955,4.0362879,closed,1106920742
D-3,02/01/2026,29:28.7,BTCUSD,sell,0,0,cancelled,1106907077
D-3,02/01/2026,14:44.9,BTCUSD,buy,0,9.6904488,closed,1106890542
D-3,02/01/2026,00:37.8,BTCUSD,sell,37.434,4.8402145,closed,1106871744
D-3,02/01/2026,59:49.4,BTCUSD,sell,0,0,cancelled,1106870205
D-1,03/01/2026,06:29.0,BTCUSD,sell,0,18.0190956,closed,1108454497
D-1,03/01/2026,06:22.8,BTCUSD,sell,0,0,cancelled,1108454351
D-1,03/01/2026,05:15.7,BTCUSD,buy,218.2375,22.5178515,closed,1108452525
D-1,03/01/2026,27:34.6,BTCUSD,sell,0,9.0586455,closed,1108019985
D-3,03/01/2026,50:20.9,BTCUSD,sell,-187.99875,16.1824326,closed,1108276121
D-3,03/01/2026,29:28.7,BTCUSD,buy,0,11.4126287,closed,1108020991
D-2,04/01/2026,51:12.2,BTCUSD,sell,0,1.64976585,closed,1109316615
D-2,04/01/2026,46:41.1,BTCUSD,sell,0,20.58821805,closed,1109256553
D-2,04/01/2026,39:06.4,BTCUSD,buy,0,0,cancelled,1109250024
D-2,04/01/2026,39:06.3,BTCUSD,buy,0,0,closed,1109250021
D-2,04/01/2026,38:57.8,BTCUSD,sell,0,8.2338429,closed,1109250018
D-2,04/01/2026,38:27.5,BTCUSD,sell,0,0,cancelled,1109249918
D-2,04/01/2026,30:37.7,BTCUSD,buy,22.7375,0,closed,1109244041
D-2,04/01/2026,09:05.9,BTCUSD,sell,0,8.23248885,closed,1109228373
D-2,04/01/2026,08:13.6,BTCUSD,buy,-655.18,16.46750475,closed,1109227786
D-3,04/01/2026,17:17.4,BTCUSD,sell,220.0809375,12.3285581,closed,1109234505
D-2,05/01/2026,31:17.0,BTCUSD,buy,0,0,cancelled,1109256556
D-2,05/01/2026,31:16.9,BTCUSD,buy,-307.275,24.87579485,closed,1109256555
D-1,05/01/2026,37:26.0,BTCUSD,sell,0,1.87797725,closed,1111705595
D-1,05/01/2026,36:41.7,BTCUSD,buy,-147.2625,5.63290835,closed,1111704577
D-1,05/01/2026,37:38.7,BTCUSD,sell,0,5.5981544,closed,1111046053
D-1,05/01/2026,34:40.6,BTCUSD,buy,0,0,cancelled,1110748896
D-1,05/01/2026,34:40.5,BTCUSD,buy,-195.2025,5.59674,closed,1110748895
D-1,05/01/2026,04:22.7,BTCUSD,sell,0,5.55067255,closed,1110743878
D-1,05/01/2026,07:40.9,BTCUSD,buy,-2044.1225,32.73945,closed,1110440795
D-1,05/01/2026,53:15.1,BTCUSD,buy,-749.955,5.5827184,closed,1110424837
D-2,05/01/2026,17:55.5,BTCUSD,buy,0,5.07172985,closed,1111674930
D-2,05/01/2026,17:56.3,BTCUSD,buy,0,5.07148675,closed,1111674300
D-2,05/01/2026,25:47.1,BTCUSD,sell,494.0625,21.1275813,closed,1110626177
D-2,05/01/2026,25:47.2,BTCUSD,sell,0,0,cancelled,1110626176
D-2,05/01/2026,59:56.2,BTCUSD,buy,0,8.34609475,closed,1110616945
D-2,05/01/2026,59:49.5,BTCUSD,buy,0,0,cancelled,1110616844
D-2,05/01/2026,00:00.0,BTCUSD,buy,0,0,cancelled,1110614045
D-2,05/01/2026,07:43.4,BTCUSD,buy,0,0,cancelled,1110434070
D-2,05/01/2026,07:43.3,BTCUSD,buy,-383.35,0,closed,1110434069
D-2,05/01/2026,55:02.7,BTCUSD,sell,0,16.7684651,closed,1110426341
D-1,06/01/2026,59:28.6,BTCUSD,buy,0,0,cancelled,1111716849
D-1,06/01/2026,59:30.4,BTCUSD,buy,0,0,cancelled,1111716848
D-2,06/01/2026,33:53.2,BTCUSD,buy,0,3.38146065,closed,1112652856
D-2,06/01/2026,13:03.3,BTCUSD,sell,0,0,cancelled,1112059543
D-2,06/01/2026,13:03.2,BTCUSD,sell,-220.065,12.6179865,closed,1112059542
D-2,06/01/2026,47:51.2,BTCUSD,buy,0,5.0939361,closed,1112056681
D-2,06/01/2026,46:24.5,BTCUSD,sell,201.5775,10.1860311,closed,1112056271
D-2,06/01/2026,46:24.6,BTCUSD,sell,0,0,cancelled,1111680788
D-2,06/01/2026,46:24.5,BTCUSD,sell,0,0,cancelled,1111680787
D-1,07/01/2026,14:56.2,BTCUSD,buy,0,0,cancelled,1112060787
D-1,07/01/2026,14:56.1,BTCUSD,buy,0,0,cancelled,1112060786
D-1,07/01/2026,55:38.4,BTCUSD,sell,0,0,cancelled,1114991228
D-1,07/01/2026,55:38.3,BTCUSD,sell,-82.025,9.1349228,closed,1114991227
D-1,07/01/2026,56:47.4,BTCUSD,buy,0,3.6733277,closed,1114977662
D-1,07/01/2026,56:51.5,BTCUSD,buy,0,0,cancelled,1114977439
D-1,07/01/2026,56:31.9,BTCUSD,buy,0,0,cancelled,1114977313
D-1,07/01/2026,56:50.8,BTCUSD,buy,0,0,cancelled,1114977030
D-1,07/01/2026,56:02.6,BTCUSD,buy,0,0,cancelled,1114975835
D-1,07/01/2026,36:25.6,BTCUSD,sell,0,0,cancelled,1114453893
D-1,07/01/2026,36:25.5,BTCUSD,sell,-187.8075,13.79423435,closed,1114450944
D-1,07/01/2026,15:54.1,BTCUSD,buy,0,5.56201665,closed,1113813829
D-1,07/01/2026,14:56.1,BTCUSD,buy,102.51,4.6344618,closed,1113813277
D-2,07/01/2026,19:26.3,BTCUSD,buy,0,0,cancelled,1114448429
D-2,07/01/2026,42:32.3,BTCUSD,sell,0,3.32435595,closed,1114347365
D-2,07/01/2026,40:51.6,BTCUSD,buy,131.75,8.3120616,closed,1114345524
D-2,07/01/2026,34:42.6,BTCUSD,sell,0,3.35280885,closed,1113929210
D-2,07/01/2026,33:22.9,BTCUSD,sell,-145.945,3.350462,closed,1113928209
D-3,07/01/2026,47:21.9,BTCUSD,sell,0,0,cancelled,1114464741
D-3,07/01/2026,47:21.8,BTCUSD,sell,88.7878125,4.11771195,closed,1114464740
D-2,08/01/2026,29:16.4,BTCUSD,buy,370.515,8.11414505,closed,1114457005
D-2,08/01/2026,29:16.5,BTCUSD,buy,0,0,cancelled,1114457004
D-1,08/01/2026,49:17.7,BTCUSD,buy,0,0,cancelled,1116255577
D-1,08/01/2026,49:15.5,BTCUSD,buy,0,1.81370535,closed,1116255135
D-1,08/01/2026,48:55.3,BTCUSD,buy,0,0,cancelled,1116253531
D-1,08/01/2026,25:49.4,BTCUSD,buy,-84.7875,0,closed,1116194351
D-1,08/01/2026,25:36.4,BTCUSD,buy,0,0,cancelled,1116192780
D-1,08/01/2026,08:01.3,BTCUSD,sell,0,5.39558835,closed,1116137329
D-1,08/01/2026,08:05.7,BTCUSD,sell,0,0,cancelled,1116136444
D-1,08/01/2026,05:42.2,BTCUSD,buy,25.925,0,closed,1116130598
D-1,08/01/2026,48:31.8,BTCUSD,sell,0,9.01030005,closed,1116089007
D-1,08/01/2026,48:33.6,BTCUSD,sell,0,0,cancelled,1116088796
D-1,08/01/2026,47:05.2,BTCUSD,sell,80.325,0,closed,1116087476
D-1,08/01/2026,35:25.4,BTCUSD,buy,0,27.0102885,closed,1116069273
D-1,08/01/2026,34:59.3,BTCUSD,buy,459,90.0287785,closed,1116067290
D-1,08/01/2026,34:59.2,BTCUSD,buy,0,0,cancelled,1116066896
D-1,08/01/2026,59:18.2,BTCUSD,sell,0,36.11983795,closed,1116024819
D-1,08/01/2026,58:47.2,BTCUSD,buy,-103.0625,0,closed,1116024402
D-1,08/01/2026,48:11.9,BTCUSD,sell,0,45.12722675,closed,1116014330
D-1,08/01/2026,33:35.1,BTCUSD,sell,108.5875,9.04259665,closed,1115705068
D-1,08/01/2026,29:13.6,BTCUSD,buy,0,9.01697,closed,1115508898
D-1,08/01/2026,24:17.9,BTCUSD,sell,-127.7125,22.59232425,closed,1115506142
D-1,08/01/2026,51:45.8,BTCUSD,buy,0,9.06706985,closed,1115498422
D-1,08/01/2026,51:38.7,BTCUSD,buy,0,0,cancelled,1115498285
D-1,08/01/2026,51:32.6,BTCUSD,buy,0,0,cancelled,1115498149
D-1,08/01/2026,51:26.5,BTCUSD,buy,0,0,cancelled,1115498003
D-1,08/01/2026,51:20.3,BTCUSD,buy,0,0,cancelled,1115497855
D-1,08/01/2026,51:04.1,BTCUSD,buy,0,0,cancelled,1115497139
D-1,08/01/2026,50:19.4,BTCUSD,buy,0,0,cancelled,1115496187
D-1,08/01/2026,51:04.9,BTCUSD,buy,0,0,cancelled,1115494607
D-1,08/01/2026,49:16.7,BTCUSD,buy,0,0,cancelled,1115494304
D-1,08/01/2026,49:10.0,BTCUSD,buy,0,0,cancelled,1115494036
D-1,08/01/2026,49:01.2,BTCUSD,buy,0,0,cancelled,1115493751
D-1,08/01/2026,48:52.0,BTCUSD,buy,0,0,cancelled,1115493468
D-1,08/01/2026,12:58.1,BTCUSD,sell,126.4375,22.79254855,closed,1115419857
D-1,08/01/2026,12:58.2,BTCUSD,sell,0,0,cancelled,1115380632
D-1,08/01/2026,33:00.0,BTCUSD,sell,0,0,cancelled,1115380631
D-1,08/01/2026,18:27.8,BTCUSD,buy,0,9.08718,closed,1115348383
D-1,08/01/2026,14:01.5,BTCUSD,sell,0,0,cancelled,1115346346
D-1,08/01/2026,14:01.4,BTCUSD,sell,-73.7375,0,closed,1115346345
D-1,08/01/2026,04:53.0,BTCUSD,buy,0,9.12293695,closed,1115343111
D-2,08/01/2026,24:21.4,BTCUSD,buy,43.86,8.13269545,closed,1116190477
D-2,08/01/2026,04:57.6,BTCUSD,sell,0,3.26239435,closed,1115605454
D-3,08/01/2026,23:09.9,BTCUSD,sell,115.6,40.6479044,closed,1116186418
D-3,08/01/2026,55:46.8,BTCUSD,sell,-203.15,40.47864815,closed,1116101371
D-3,08/01/2026,54:36.6,BTCUSD,sell,0,0,cancelled,1116098609
D-3,08/01/2026,24:27.2,BTCUSD,buy,0,32.46921715,closed,1115992274
D-3,08/01/2026,34:21.7,BTCUSD,buy,0,0,cancelled,1115874227
D-3,08/01/2026,41:35.9,BTCUSD,sell,-187,20.27261135,closed,1115868147
D-3,08/01/2026,45:44.2,BTCUSD,buy,0,8.1487647,closed,1115859631
D-3,08/01/2026,45:49.7,BTCUSD,buy,0,0,cancelled,1115859262
D-3,08/01/2026,35:52.1,BTCUSD,sell,28.815,0,closed,1115846125
D-3,08/01/2026,13:02.0,BTCUSD,buy,0,3.2541434,closed,1115820376
D-3,08/01/2026,12:55.2,BTCUSD,buy,0,0,cancelled,1115820247
D-3,08/01/2026,12:49.1,BTCUSD,buy,0,0,cancelled,1115820147
D-3,08/01/2026,12:43.1,BTCUSD,buy,0,0,cancelled,1115820066
D-3,08/01/2026,12:32.3,BTCUSD,buy,0,0,cancelled,1115819931
D-1,09/01/2026,04:31.9,BTCUSD,sell,0,9.2109502,closed,1117772295
D-1,09/01/2026,04:22.1,BTCUSD,sell,0,0,cancelled,1117770779
D-1,09/01/2026,03:54.9,BTCUSD,sell,0,0,cancelled,1117769993
D-1,09/01/2026,03:28.8,BTCUSD,sell,119.2125,4.6045979,closed,1117768059
D-2,09/01/2026,29:55.9,BTCUSD,sell,0,1.6465792,closed,1116933826
D-3,09/01/2026,09:07.8,BTCUSD,sell,0,0,cancelled,1117790463
D-1,10/01/2026,46:01.3,BTCUSD,buy,462.6125,22.75443455,closed,1118559878
D-1,10/01/2026,16:52.0,BTCUSD,buy,0,0,cancelled,1118557783
D-1,10/01/2026,18:28.4,BTCUSD,buy,0,0,cancelled,1117799665
D-3,10/01/2026,22:59.4,BTCUSD,buy,0,4.909515,closed,1118312613
D-3,10/01/2026,22:18.9,BTCUSD,sell,0,0,cancelled,1117792458
D-1,12/01/2026,16:16.4,BTCUSD,sell,0,9.2276,closed,1118899820
D-1,12/01/2026,38:31.1,BTCUSD,buy,0,0,cancelled,1118899376
D-1,12/01/2026,18:30.4,BTCUSD,sell,0,5.53842575,closed,1121209085
D-1,12/01/2026,18:32.9,BTCUSD,sell,0,0,cancelled,1121208625
D-1,12/01/2026,18:32.4,BTCUSD,sell,0,0,cancelled,1121208300
D-1,12/01/2026,17:55.9,BTCUSD,sell,0,0,cancelled,1121207407
D-1,12/01/2026,15:49.5,BTCUSD,sell,458.3625,13.86953415,closed,1121204306
D-1,12/01/2026,15:49.4,BTCUSD,sell,0,0,cancelled,1121204003
D-1,12/01/2026,17:43.3,BTCUSD,buy,0,5.43964045,closed,1120518408
D-1,12/01/2026,17:47.4,BTCUSD,buy,0,0,cancelled,1120517877
D-1,12/01/2026,14:06.6,BTCUSD,buy,132.4725,4.54002935,closed,1120509467
D-1,12/01/2026,13:59.4,BTCUSD,buy,0,0,cancelled,1120508465
D-1,12/01/2026,31:10.1,BTCUSD,sell,0,1.84727525,closed,1120290957
D-1,12/01/2026,47:12.0,BTCUSD,buy,-25.5,9.233618,closed,1120254996
D-1,12/01/2026,46:51.9,BTCUSD,buy,0,0,cancelled,1120254454
D-2,12/01/2026,52:53.7,BTCUSD,sell,0,8.15147195,closed,1120871366
D-2,12/01/2026,52:59.1,BTCUSD,sell,0,0,cancelled,1120870541
D-2,12/01/2026,52:27.0,BTCUSD,sell,0,0,cancelled,1120870225
D-2,12/01/2026,52:02.1,BTCUSD,buy,72.59,4.0779022,closed,1120868856
D-3,12/01/2026,37:05.6,BTCUSD,buy,0,3.3160506,closed,1120243758
D-3,12/01/2026,36:55.3,BTCUSD,buy,0,0,cancelled,1120243176
D-3,12/01/2026,06:57.6,BTCUSD,sell,355.0875,12.4623379,closed,1120178930
D-1,13/01/2026,55:50.6,BTCUSD,sell,0,9.1743917,closed,1121665106
D-1,13/01/2026,52:22.2,BTCUSD,sell,394.4,18.37686655,closed,1121661916
D-1,13/01/2026,52:22.3,BTCUSD,sell,0,0,cancelled,1121642271
D-1,13/01/2026,12:57.2,BTCUSD,buy,0,18.28378815,closed,1121596711
D-1,13/01/2026,12:13.6,BTCUSD,buy,220.065,13.7162256,closed,1121596408
D-1,13/01/2026,12:13.5,BTCUSD,buy,0,0,cancelled,1121596333
D-3,13/01/2026,10:52.5,BTCUSD,sell,0,8.39551715,closed,1122490828
D-3,13/01/2026,06:58.4,BTCUSD,sell,587.35,25.21268215,closed,1121976535
D-3,13/01/2026,54:43.1,BTCUSD,buy,0,6.6442698,closed,1121833811
D-3,14/01/2026,52:00.8,BTCUSD,buy,0,8.7821881,closed,1124303147
D-3,14/01/2026,50:16.4,BTCUSD,sell,319.175,21.9430577,closed,1124297362
D-3,14/01/2026,50:16.5,BTCUSD,sell,0,0,cancelled,1124234756
D-3,14/01/2026,28:13.7,BTCUSD,sell,0,0,cancelled,1124150906
D-3,14/01/2026,24:16.2,BTCUSD,sell,0,0,cancelled,1124150905
D-3,14/01/2026,40:07.1,BTCUSD,buy,0,8.7094315,closed,1124111283
D-3,14/01/2026,31:56.4,BTCUSD,buy,657.9,0,closed,1124087461
D-3,14/01/2026,25:37.0,BTCUSD,sell,0,34.9245603,closed,1124065002
D-3,14/01/2026,21:12.4,BTCUSD,sell,1731.45,87.10739055,closed,1124046872
D-3,14/01/2026,21:12.5,BTCUSD,sell,0,0,cancelled,1123291608
D-3,14/01/2026,56:33.3,BTCUSD,buy,0,34.4751976,closed,1123288064
D-3,14/01/2026,55:57.3,BTCUSD,buy,-1051.6625,21.54722375,closed,1123287755
D-3,14/01/2026,55:27.8,BTCUSD,buy,0,0,cancelled,1122501518
D-3,15/01/2026,34:21.6,BTCUSD,buy,0,8.7023442,closed,1126038021
D-3,15/01/2026,33:02.3,BTCUSD,sell,314.925,0,closed,1126034186
D-3,15/01/2026,31:25.5,BTCUSD,sell,0,0,cancelled,1126026840
D-3,15/01/2026,31:14.0,BTCUSD,sell,0,0,cancelled,1126025893
D-3,15/01/2026,31:03.9,BTCUSD,sell,0,0,cancelled,1126024087
D-3,15/01/2026,33:02.5,BTCUSD,sell,0,0,cancelled,1126006875
D-3,15/01/2026,33:02.4,BTCUSD,sell,0,0,cancelled,1126006874
D-3,15/01/2026,24:38.9,BTCUSD,buy,0,8.6318894,closed,1125998371
D-3,15/01/2026,24:43.1,BTCUSD,buy,0,0,cancelled,1125794310
D-3,15/01/2026,19:33.8,BTCUSD,sell,-272.2125,21.5428233,closed,1125786419
D-3,15/01/2026,10:22.2,BTCUSD,buy,0,8.674947,closed,1125534565
D-3,15/01/2026,06:35.8,BTCUSD,sell,0,0,cancelled,1125430400
D-3,15/01/2026,06:35.7,BTCUSD,sell,-191.0375,21.73047185,closed,1125430399
D-3,15/01/2026,17:00.8,BTCUSD,buy,0,8.7327657,closed,1125427552
D-3,15/01/2026,16:28.3,BTCUSD,buy,9.35,21.83213865,closed,1125427100
D-3,15/01/2026,16:28.4,BTCUSD,buy,0,0,cancelled,1125311660
D-3,15/01/2026,16:28.3,BTCUSD,buy,0,0,cancelled,1125311659
D-3,15/01/2026,57:37.7,BTCUSD,sell,0,8.73484225,closed,1125305509
D-3,15/01/2026,22:54.2,BTCUSD,sell,164.05,21.78158745,closed,1125199800
D-3,15/01/2026,22:54.3,BTCUSD,sell,0,0,cancelled,1124932638
D-3,15/01/2026,22:54.3,BTCUSD,sell,0,0,cancelled,1124932637
D-3,15/01/2026,06:16.9,BTCUSD,buy,0,8.6777911,closed,1124852289
D-3,15/01/2026,06:06.7,BTCUSD,buy,0,0,cancelled,1124851804
D-3,15/01/2026,06:00.7,BTCUSD,buy,0,0,cancelled,1124851666
D-3,15/01/2026,05:42.4,BTCUSD,sell,-430.95,21.72663495,closed,1124851266
D-3,15/01/2026,05:34.0,BTCUSD,sell,0,0,cancelled,1124850742
D-3,15/01/2026,05:42.5,BTCUSD,sell,0,0,cancelled,1124309023
D-3,16/01/2026,24:00.4,BTCUSD,buy,0,8.5677518,closed,1127503178
D-3,16/01/2026,02:39.6,BTCUSD,sell,0,0,cancelled,1126426562
D-3,16/01/2026,02:39.5,BTCUSD,sell,-442,21.348855,closed,1126426561
D-3,16/01/2026,39:24.2,BTCUSD,buy,0,8.63342365,closed,1126425825
D-3,16/01/2026,39:32.0,BTCUSD,buy,0,0,cancelled,1126049701
D-3,16/01/2026,56:31.0,BTCUSD,sell,0,0,cancelled,1126048218
D-3,16/01/2026,56:30.9,BTCUSD,sell,-400.5625,21.5431616,closed,1126048217
D-3,17/01/2026,20:44.6,BTCUSD,buy,0,0,cancelled,1127506740
D-3,17/01/2026,20:47.3,BTCUSD,sell,0,0,cancelled,1127505424
D-3,17/01/2026,20:46.7,BTCUSD,sell,0,0,cancelled,1127505423
D-3,17/01/2026,37:53.0,BTCUSD,buy,0,8.6080571,closed,1128577192
D-3,17/01/2026,37:15.4,BTCUSD,sell,116.875,21.52014275,closed,1128576916
D-3,17/01/2026,37:05.5,BTCUSD,sell,0,0,cancelled,1128011248
D-3,17/01/2026,37:05.8,BTCUSD,sell,0,0,cancelled,1128011247
D-3,17/01/2026,21:59.9,BTCUSD,buy,0,8.5832337,closed,1128007910
D-3,17/01/2026,22:06.2,BTCUSD,buy,0,0,cancelled,1128007042
D-3,17/01/2026,20:55.2,BTCUSD,buy,0,0,cancelled,1128006859
D-3,17/01/2026,20:39.3,BTCUSD,sell,-144.5,21.44578305,closed,1128006629
D-3,17/01/2026,20:39.4,BTCUSD,sell,0,0,cancelled,1127865844
D-3,17/01/2026,20:39.4,BTCUSD,sell,0,0,cancelled,1127865843
D-3,17/01/2026,21:25.9,BTCUSD,buy,0,8.60900485,closed,1127798669
D-3,17/01/2026,20:59.0,BTCUSD,sell,193.8,21.52228645,closed,1127798539
D-3,18/01/2026,01:33.2,BTCUSD,buy,0,8.5852193,closed,1129082387
D-3,18/01/2026,10:42.4,BTCUSD,sell,119.85,21.48222935,closed,1129038055
D-3,18/01/2026,10:29.4,BTCUSD,buy,0,0,cancelled,1128696572
D-3,18/01/2026,54:37.3,BTCUSD,buy,0,0,cancelled,1128696342
D-3,18/01/2026,10:32.4,BTCUSD,sell,0,0,cancelled,1128696158
D-3,18/01/2026,10:33.2,BTCUSD,sell,0,0,cancelled,1128696157
D-3,18/01/2026,47:46.1,BTCUSD,buy,0,8.56743645,closed,1128693046
D-3,18/01/2026,47:49.2,BTCUSD,buy,0,0,cancelled,1128692740
D-3,18/01/2026,47:06.7,BTCUSD,buy,0,0,cancelled,1128692616
D-3,18/01/2026,46:48.2,BTCUSD,sell,-195.2875,21.4164453,closed,1128692426
D-3,18/01/2026,46:31.4,BTCUSD,buy,0,0,cancelled,1128581987
D-3,18/01/2026,46:39.6,BTCUSD,sell,0,0,cancelled,1128580668
D-3,18/01/2026,46:36.0,BTCUSD,sell,0,0,cancelled,1128580667
D-2,19/01/2026,22:49.1,BTCUSD,buy,0,8.4118567,closed,1130132696
D-2,19/01/2026,21:27.9,BTCUSD,sell,248.4125,21.0309924,closed,1130131386
D-2,19/01/2026,21:16.8,BTCUSD,sell,0,0,cancelled,1129794262
D-2,19/01/2026,21:17.2,BTCUSD,sell,0,0,cancelled,1129794261
D-2,19/01/2026,06:25.5,BTCUSD,buy,0,8.3596344,closed,1129791073
D-2,19/01/2026,06:01.4,BTCUSD,buy,-990.675,8.36189115,closed,1129790638
D-3,19/01/2026,16:39.5,BTCUSD,sell,0,0,cancelled,1129085623
D-3,19/01/2026,16:39.5,BTCUSD,sell,-470.05,8.48538,closed,1129085622
D-1,20/01/2026,03:40.3,BTCUSD,buy,0,0,cancelled,1131248811
D-2,20/01/2026,16:20.9,BTCUSD,buy,0,8.1286333,closed,1132135953
D-2,20/01/2026,16:13.8,BTCUSD,buy,0,0,cancelled,1132135562
D-2,20/01/2026,16:08.6,BTCUSD,buy,0,0,cancelled,1132135249
D-2,20/01/2026,05:38.0,BTCUSD,sell,0,0,cancelled,1131243230
D-2,20/01/2026,38:00.0,BTCUSD,sell,-456.025,20.3317382,closed,1131243229
D-2,20/01/2026,55:32.3,BTCUSD,buy,0,8.2295555,closed,1131238754
D-2,20/01/2026,55:21.6,BTCUSD,buy,0,0,cancelled,1131238578
D-2,20/01/2026,49:10.1,BTCUSD,sell,-332.775,0,closed,1131225721
D-2,20/01/2026,22:26.0,BTCUSD,buy,0,8.2830851,closed,1131192586
D-2,20/01/2026,22:19.8,BTCUSD,buy,0,0,cancelled,1131192489
D-2,20/01/2026,22:07.8,BTCUSD,buy,0,0,cancelled,1131191779
D-2,20/01/2026,21:22.6,BTCUSD,sell,-302.3875,20.70737445,closed,1131191429
D-2,20/01/2026,47:02.8,BTCUSD,buy,0,8.3471768,closed,1131003844
D-2,20/01/2026,37:40.1,BTCUSD,sell,0,0,cancelled,1130346615
D-2,20/01/2026,37:40.1,BTCUSD,sell,-338.5125,20.849888,closed,1130346614
D-1,21/01/2026,23:26.0,BTCUSD,sell,0,8.8509735,closed,1133796525
D-1,21/01/2026,23:19.7,BTCUSD,sell,0,0,cancelled,1133796296
D-1,21/01/2026,19:55.5,BTCUSD,buy,1792.225,88.884857,closed,1133786408
D-1,21/01/2026,19:55.3,BTCUSD,buy,0,0,cancelled,1133785946
D-1,21/01/2026,19:55.5,BTCUSD,buy,0,0,cancelled,1133588633
D-1,21/01/2026,08:49.1,BTCUSD,sell,0,45.02893275,closed,1133457039
D-1,21/01/2026,07:45.9,BTCUSD,sell,0,17.9653348,closed,1133453920
D-1,21/01/2026,07:13.4,BTCUSD,sell,0,0,cancelled,1133452352
D-1,21/01/2026,06:46.0,BTCUSD,sell,0,0,cancelled,1133451964
D-1,21/01/2026,06:39.1,BTCUSD,sell,0,0,cancelled,1133451668
D-1,21/01/2026,06:32.7,BTCUSD,sell,0,0,cancelled,1133451411
D-1,21/01/2026,06:13.5,BTCUSD,sell,0,0,cancelled,1133449140
D-1,21/01/2026,05:38.9,BTCUSD,sell,0,0,cancelled,1133447799
D-1,21/01/2026,05:02.6,BTCUSD,sell,0,0,cancelled,1133446205
D-1,21/01/2026,03:52.7,BTCUSD,sell,0,0,cancelled,1133443972
D-1,21/01/2026,03:47.7,BTCUSD,sell,0,0,cancelled,1133443748
D-1,21/01/2026,03:42.0,BTCUSD,sell,0,0,cancelled,1133443421
D-1,21/01/2026,03:36.5,BTCUSD,sell,0,0,cancelled,1133443114
D-1,21/01/2026,03:30.5,BTCUSD,sell,0,0,cancelled,1133442771
D-1,21/01/2026,03:20.8,BTCUSD,sell,0,0,cancelled,1133442277
D-1,21/01/2026,03:14.7,BTCUSD,sell,0,0,cancelled,1133442033
D-1,21/01/2026,03:09.0,BTCUSD,sell,0,0,cancelled,1133441800
D-1,21/01/2026,03:02.2,BTCUSD,sell,0,0,cancelled,1133441506
D-1,21/01/2026,02:55.4,BTCUSD,sell,0,0,cancelled,1133441230
D-1,21/01/2026,02:45.9,BTCUSD,sell,0,0,cancelled,1133439871
D-1,21/01/2026,02:19.0,BTCUSD,sell,0,0,cancelled,1133439529
D-1,21/01/2026,02:12.9,BTCUSD,sell,0,0,cancelled,1133439201
D-1,21/01/2026,41:08.8,BTCUSD,buy,0,0,cancelled,1133254293
D-1,21/01/2026,41:08.7,BTCUSD,buy,-352.9625,8.9685251,closed,1133254292
D-1,21/01/2026,12:52.7,BTCUSD,sell,0,8.88522595,closed,1133251168
D-1,21/01/2026,08:46.6,BTCUSD,buy,603.075,44.4474435,closed,1133245638
D-1,21/01/2026,08:36.9,BTCUSD,buy,0,0,cancelled,1133109699
D-1,21/01/2026,08:36.3,BTCUSD,buy,0,0,cancelled,1133109698
D-1,21/01/2026,52:31.7,BTCUSD,sell,0,17.9213031,closed,1133105002
D-1,21/01/2026,52:07.4,BTCUSD,sell,0,0,cancelled,1133104314
D-1,21/01/2026,50:57.7,BTCUSD,buy,180.5825,4.48065175,closed,1133103544
D-1,21/01/2026,50:41.0,BTCUSD,sell,0,0,cancelled,1133092198
D-1,21/01/2026,50:45.2,BTCUSD,buy,0,0,cancelled,1133084616
D-1,21/01/2026,50:44.6,BTCUSD,buy,0,0,cancelled,1133084615
D-1,21/01/2026,24:00.7,BTCUSD,buy,591.77,7.1998553,closed,1132381531
D-1,21/01/2026,23:43.1,BTCUSD,buy,0,0,cancelled,1132381030
D-1,21/01/2026,21:49.3,BTCUSD,buy,0,0,cancelled,1132198793
D-1,21/01/2026,21:52.6,BTCUSD,buy,0,0,cancelled,1131248810
D-2,21/01/2026,25:59.4,BTCUSD,buy,0,15.8971794,closed,1133802892
D-2,21/01/2026,25:42.7,BTCUSD,buy,0,0,cancelled,1133801790
D-2,21/01/2026,25:19.1,BTCUSD,buy,0,0,cancelled,1133800677
D-2,21/01/2026,25:11.0,BTCUSD,buy,0,0,cancelled,1133800302
D-2,21/01/2026,25:01.1,BTCUSD,buy,0,0,cancelled,1133799921
D-2,21/01/2026,24:55.4,BTCUSD,buy,0,0,cancelled,1133799749
D-2,21/01/2026,24:50.0,BTCUSD,buy,0,0,cancelled,1133799571
D-2,21/01/2026,24:43.6,BTCUSD,buy,0,0,cancelled,1133799359
D-2,21/01/2026,24:37.5,BTCUSD,buy,0,0,cancelled,1133799167
D-2,21/01/2026,24:30.4,BTCUSD,buy,0,0,cancelled,1133798961
D-2,21/01/2026,10:38.3,BTCUSD,buy,1456.05,39.91423455,closed,1133593986
D-2,21/01/2026,44:15.8,BTCUSD,sell,0,40.6873971,closed,1133531327
D-2,21/01/2026,43:59.8,BTCUSD,sell,0,0,cancelled,1133530776
D-2,21/01/2026,43:36.9,BTCUSD,sell,292.825,40.66009085,closed,1133530030
D-2,21/01/2026,13:57.6,BTCUSD,buy,0,8.07320735,closed,1132638383
D-2,21/01/2026,43:37.0,BTCUSD,sell,0,0,cancelled,1132204063
D-3,21/01/2026,30:25.5,BTCUSD,sell,0,0,cancelled,1133597431
D-3,21/01/2026,05:47.5,BTCUSD,buy,0,0,cancelled,1133089087
D-3,21/01/2026,20:02.2,BTCUSD,sell,0,0,cancelled,1132210311
D-3,21/01/2026,01:01.9,BTCUSD,buy,0,8.061111,closed,1132208322
D-1,22/01/2026,04:19.8,BTCUSD,buy,0,0,cancelled,1133816399
D-2,22/01/2026,54:50.6,BTCUSD,sell,0,0,cancelled,1133821917
D-3,22/01/2026,56:26.5,BTCUSD,sell,0,0,cancelled,1133827776
D-1,22/01/2026,49:57.1,BTCUSD,buy,0,5.3977856,closed,1135431280
D-1,22/01/2026,49:51.0,BTCUSD,buy,0,0,cancelled,1135431129
D-1,22/01/2026,50:03.9,BTCUSD,buy,0,0,cancelled,1135428771
D-1,22/01/2026,47:43.0,BTCUSD,buy,0,0,cancelled,1135428670
D-1,22/01/2026,47:37.2,BTCUSD,buy,0,0,cancelled,1135428543
D-1,22/01/2026,44:52.0,BTCUSD,sell,395.675,44.86694825,closed,1135424972
D-1,22/01/2026,10:52.9,ETHUSD,sell,0,0,cancelled,1134799279
D-1,22/01/2026,10:52.8,ETHUSD,sell,-124.95,5.95782,closed,1134799278
D-1,22/01/2026,20:09.0,ETHUSD,buy,0,5.9873082,closed,1134775564
D-1,22/01/2026,19:44.0,ETHUSD,buy,0,0,cancelled,1134775339
D-1,22/01/2026,16:54.1,ETHUSD,buy,0,0,cancelled,1134771509
D-1,22/01/2026,39:40.1,BTCUSD,sell,0,0,cancelled,1134635491
D-1,22/01/2026,30:06.6,BTCUSD,buy,0,17.8534,closed,1134635070
D-1,22/01/2026,50:04.0,BTCUSD,buy,-729.5125,22.55784655,closed,1134611714
D-1,22/01/2026,49:57.8,BTCUSD,buy,0,0,cancelled,1134611252
D-1,22/01/2026,49:13.8,BTCUSD,buy,0,0,cancelled,1134210895
D-2,22/01/2026,45:14.2,BTCUSD,sell,629.425,40.3714521,closed,1135425304
D-2,22/01/2026,00:53.4,BTCUSD,buy,0,16.01489165,closed,1135139920
D-2,22/01/2026,05:55.0,BTCUSD,sell,0,0,cancelled,1134623270
D-2,22/01/2026,05:54.9,BTCUSD,sell,-554.625,40.2739605,closed,1134623269
D-2,22/01/2026,03:54.2,BTCUSD,sell,0,0,cancelled,1134210533
D-2,22/01/2026,02:36.5,BTCUSD,buy,0,16.22738655,closed,1134210228
D-2,22/01/2026,55:05.3,BTCUSD,sell,1589.5,40.58697215,closed,1134208775
D-3,22/01/2026,02:43.8,BTCUSD,buy,628.15,19.9746073,closed,1134625116
D-3,22/01/2026,02:43.8,BTCUSD,buy,0,0,cancelled,1134625115
D-3,22/01/2026,07:23.7,BTCUSD,buy,0,0,cancelled,1134210674
D-3,22/01/2026,58:38.6,BTCUSD,sell,0,8.123263,closed,1134209424
D-3,22/01/2026,58:01.4,BTCUSD,sell,0,0,cancelled,1134209363
D-3,22/01/2026,56:35.2,BTCUSD,sell,275.6125,8.11965135,closed,1134209104
D-1,23/01/2026,59:02.4,BTCUSD,sell,0,9.10418085,closed,1136726085
D-1,23/01/2026,57:38.6,BTCUSD,sell,1072.36,18.2055533,closed,1136722907
D-1,23/01/2026,57:35.2,BTCUSD,sell,0,0,cancelled,1136722504
D-1,23/01/2026,57:38.6,BTCUSD,sell,0,0,cancelled,1136683394
D-1,23/01/2026,34:59.6,BTCUSD,buy,0,8.9621059,closed,1136307166
D-1,23/01/2026,04:51.5,BTCUSD,buy,0,3.5925862,closed,1135840218
D-1,23/01/2026,13:24.8,BTCUSD,sell,0,0,cancelled,1135438400
D-1,23/01/2026,13:10.8,BTCUSD,sell,0,0,cancelled,1135438399
D-2,23/01/2026,19:53.6,BTCUSD,buy,0,0,cancelled,1136751698
D-2,23/01/2026,40:15.2,BTCUSD,sell,0,8.123127,closed,1136687581
D-2,23/01/2026,39:33.5,BTCUSD,buy,0,0,cancelled,1135434834
D-3,23/01/2026,18:36.1,BTCUSD,buy,0,0,cancelled,1136741490
D-3,23/01/2026,01:07.9,BTCUSD,buy,0,0,cancelled,1136694825
D-3,23/01/2026,00:11.9,BTCUSD,sell,0,16.42914,closed,1135436485
D-3,24/01/2026,01:48.4,BTCUSD,buy,0,16.140276,closed,1136764250
D-3,24/01/2026,01:47.2,BTCUSD,buy,1294.125,40.38567005,closed,1136741491
D-1,25/01/2026,44:58.3,BTCUSD,buy,0,8.81421355,closed,1138696012
D-1,25/01/2026,43:47.0,BTCUSD,buy,725.475,17.637755,closed,1138694227
D-1,25/01/2026,55:20.0,BTCUSD,sell,0,17.80896795,closed,1138487950
D-1,25/01/2026,54:51.6,BTCUSD,sell,-311.2275,22.25895255,closed,1138487676
D-1,24/01/2026,40:01.2,BTCUSD,buy,0,3.59140215,closed,1136995468
D-1,24/01/2026,36:21.5,BTCUSD,buy,541.2375,22.441122,closed,1136995057
D-2,26/01/2026,59:43.2,BTCUSD,buy,0,15.5950452,closed,1138758663
D-2,26/01/2026,59:40.0,BTCUSD,buy,1281.1625,19.4974173,closed,1138739643
D-2,24/01/2026,41:38.8,BTCUSD,sell,0,8.0710866,closed,1137591746
D-2,24/01/2026,17:58.7,BTCUSD,buy,154.0625,20.22600925,closed,1137422907
D-3,25/01/2026,53:06.2,BTCUSD,buy,0,16.02518175,closed,1138123499
D-3,24/01/2026,17:14.6,BTCUSD,sell,189.975,40.451568,closed,1137422441
